Date,HomeTeam,AwayTeam,FTHG,FTAG,FTR,HTHG,HTAG,HTR,Referee,HS,AS,HST,AST,HF,AF,HC,AC,HY,AY,HR,AR,B365H,B365D,B365A,BWH,BWD,BWA,IWH,IWD,IWA,PSH,PSD,PSA,WHH,WHD,WHA,VCH,VCD,VCA
12/09/2020,Fulham,Arsenal,0,3,A,0,1,A,C Kavanagh,5,13,2,6,12,12,2,3,2,2,0,0,6.0,4.33,1.53,5.5,4.25,1.57,6.0,3.9,1.57,6.16,4.51,1.56,6.5,4.2,1.53,6.5,4.2,1.55
12/09/2020,Crystal Palace,Southampton,1,0,H,1,0,H,J Moss,5,9,3,5,14,11,7,3,2,1,0,0,3.1,3.25,2.37,3.0,3.2,2.45,3.15,2.95,2.4,3.32,3.29,2.4,3.2,3.2,2.35,3.2,3.2,2.4
12/09/2020,Liverpool,Leeds,4,3,H,3,2,H,M Oliver,22,6,6,3,9,6,9,0,1,0,0,0,1.28,6.0,9.5,1.26,6.25,10.5,1.35,5.0,8.5,1.31,6.25,9.92,1.27,6.0,10.0,1.3,5.75,10.5
12/09/2020,West Ham,Newcastle,0,2,A,0,0,D,S Attwell,15,15,3,2,13,7,8,7,2,2,0,0,2.15,3.4,3.4,2.15,3.4,3.4,2.15,3.15,3.4,2.18,3.61,3.5,2.15,3.5,3.4,2.15,3.4,3.6
13/09/2020,West Brom,Leicester,0,3,A,0,0,D,A Taylor,7,13,1,7,12,9,2,5,1,1,0,0,3.8,3.6,1.95,3.7,3.6,2.0,3.85,3.2,2.0,4.0,3.59,2.0,3.8,3.6,1.95,4.0,3.5,1.95
13/09/2020,Tottenham,Everton,0,1,A,0,0,D,M Atkinson,9,15,5,4,15,7,5,3,1,0,0,0,1.83,3.6,4.33,1.85,3.6,4.33,1.95,3.25,4.1,1.94,3.57,4.3,1.88,3.5,4.33,1.87,3.5,4.33
14/09/2020,Brighton,Chelsea,1,3,A,0,1,A,C Pawson,13,10,3,5,8,13,4,3,1,0,0,0,5.0,4.33,1.61,5.0,4.1,1.65,5.0,3.7,1.67,5.36,4.34,1.65,5.25,4.0,1.65,5.25,3.9,1.65
14/09/2020,Sheffield United,Wolves,0,2,A,0,2,A,M Dean,9,11,2,4,13,7,12,5,2,1,0,0,3.25,3.1,2.37,3.4,3.1,2.3,3.35,2.7,2.45,3.41,3.03,2.46,3.3,3.1,2.38,3.4,3.0,2.38
19/09/2020,Everton,West Brom,5,2,H,2,1,H,M Dean,17,6,7,4,9,11,11,1,1,0,0,1,1.5,4.2,6.5,1.55,4.2,6.0,1.55,4.0,6.0,1.55,4.33,6.46,1.52,4.2,6.5,1.5,4.2,7.0
19/09/2020,Leeds,Fulham,4,3,H,2,1,H,A Taylor,10,14,7,6,13,18,5,3,1,2,0,0,1.61,3.9,5.75,1.62,4.0,5.5,1.65,3.7,5.5,1.65,4.05,5.61,1.63,3.9,5.5,1.62,3.9,6.0
19/09/2020,Man United,Crystal Palace,1,3,A,0,1,A,M Atkinson,13,14,4,5,13,10,9,3,2,1,0,0,1.3,5.5,9.5,1.33,5.25,9.25,1.35,5.0,9.0,1.3,5.88,9.8,1.3,5.5,10.0,1.33,5.25,10.0
19/09/2020,Arsenal,West Ham,2,1,H,1,1,D,M Oliver,7,14,3,3,11,13,7,5,0,1,0,0,1.53,4.5,5.5,1.53,4.33,6.0,1.55,4.2,5.75,1.54,4.58,6.09,1.52,4.4,6.0,1.55,4.33,6.0
20/09/2020,Southampton,Tottenham,2,5,A,1,1,D,D Coote,14,9,7,6,16,18,3,2,4,3,0,0,3.0,3.3,2.37,3.1,3.25,2.4,3.05,3.15,2.4,3.12,3.39,2.41,3.1,3.3,2.35,3.13,3.3,2.38
20/09/2020,Newcastle,Brighton,0,3,A,0,2,A,K Friend,6,13,0,6,16,15,7,1,3,0,0,1,2.6,3.1,2.87,2.75,3.1,2.75,2.65,2.9,2.85,2.66,3.22,2.91,2.7,3.2,2.75,2.63,3.1,2.88
20/09/2020,Chelsea,Liverpool,0,2,A,0,0,D,P Tierney,5,18,3,6,10,6,1,11,0,0,1,0,3.1,3.6,2.2,3.1,3.7,2.2,3.1,3.5,2.2,3.2,3.85,2.19,3.2,3.6,2.2,3.2,3.7,2.15
20/09/2020,Leicester,Burnley,4,2,H,1,1,D,L Mason,14,16,6,5,11,13,15,4,1,2,0,0,1.61,4.0,5.5,1.6,4.0,5.75,1.63,3.7,5.75,1.63,4.13,5.79,1.62,3.9,5.8,1.6,3.9,6.0
21/09/2020,Aston Villa,Sheffield United,1,0,H,0,0,D,G Scott,18,4,2,1,12,13,10,4,3,1,0,1,2.7,3.1,2.75,2.7,3.2,2.7,2.7,2.95,2.75,2.77,3.22,2.78,2.7,3.2,2.7,2.7,3.13,2.8
21/09/2020,Wolves,Man City,1,3,A,0,2,A,A Marriner,10,14,1,9,6,8,4,6,0,3,0,0,6.5,4.33,1.5,6.5,4.5,1.48,5.75,4.0,1.57,6.27,4.35,1.56,6.5,4.2,1.53,6.5,4.33,1.5
26/09/2020,Brighton,Man United,2,3,A,1,1,D,C Kavanagh,18,7,5,3,18,16,7,1,4,2,0,0,4.75,3.75,1.72,5.0,3.7,1.72,4.7,3.55,1.77,5.1,3.82,1.78,5.0,3.7,1.73,4.8,3.75,1.73
26/09/2020,Crystal Palace,Everton,1,2,A,1,2,A,K Friend,8,10,1,5,16,15,7,6,3,1,0,0,3.75,3.25,2.1,3.8,3.3,2.05,3.65,3.1,2.15,3.72,3.44,2.17,3.7,3.25,2.1,3.75,3.25,2.1
26/09/2020,West Brom,Chelsea,3,3,D,3,0,H,J Moss,9,22,3,10,8,16,3,9,1,3,0,0,9.0,4.75,1.36,8.5,4.5,1.4,8.0,4.7,1.4,8.55,5.33,1.39,8.5,4.8,1.38,9.0,5.0,1.36
26/09/2020,Burnley,Southampton,0,1,A,0,1,A,A Marriner,10,5,2,1,8,10,8,2,1,0,0,0,3.2,3.3,2.3,3.2,3.3,2.3,3.3,3.0,2.3,3.41,3.31,2.36,3.3,3.2,2.3,3.25,3.25,2.3
27/09/2020,Sheffield United,Leeds,0,1,A,0,0,D,P Tierney,14,17,4,9,18,4,5,7,2,1,0,0,2.7,3.3,2.62,2.7,3.4,2.6,2.75,3.15,2.6,2.83,3.5,2.63,2.7,3.3,2.62,2.75,3.3,2.6
27/09/2020,Tottenham,Newcastle,1,1,D,1,0,H,P Bankes,23,6,12,1,15,9,10,4,1,4,0,0,1.45,4.5,7.0,1.48,4.4,6.75,1.5,4.2,6.75,1.49,4.67,7.38,1.47,4.33,7.5,1.44,4.5,7.5
27/09/2020,Man City,Leicester,2,5,A,1,1,D,M Oliver,16,7,5,7,13,8,3,4,1,3,0,0,1.28,6.0,9.5,1.3,6.0,9.0,1.3,5.75,9.0,1.31,6.19,10.09,1.27,5.8,11.0,1.29,5.75,10.0
27/09/2020,West Ham,Wolves,4,0,H,1,0,H,M Atkinson,15,11,7,2,7,11,1,3,0,1,0,0,3.6,3.5,2.05,3.8,3.4,2.05,3.8,3.15,2.1,3.87,3.5,2.1,3.7,3.4,2.05,3.7,3.2,2.15
28/09/2020,Fulham,Aston Villa,0,3,A,0,2,A,S Attwell,16,12,3,5,18,14,5,3,6,3,0,0,2.9,3.25,2.5,2.85,3.25,2.55,2.95,3.05,2.5,2.98,3.32,2.54,2.9,3.25,2.5,2.88,3.25,2.55
28/09/2020,Liverpool,Arsenal,3,1,H,2,1,H,C Pawson,21,4,8,3,11,7,7,3,2,2,0,0,1.45,4.75,6.5,1.5,4.75,5.75,1.5,4.4,6.0,1.5,4.76,6.53,1.47,4.6,6.5,1.45,4.6,6.5
03/10/2020,Chelsea,Crystal Palace,4,0,H,0,0,D,M Oliver,17,4,6,0,17,13,8,5,2,0,0,0,1.4,4.75,8.0,1.42,4.75,7.5,1.47,4.5,6.75,1.43,4.86,7.79,1.42,4.6,8.0,1.4,4.75,8.0
03/10/2020,Everton,Brighton,4,2,H,2,1,H,S Hooper,11,11,6,3,13,14,3,10,0,1,0,0,1.72,3.75,4.8,1.75,3.6,5.0,1.73,3.75,5.0,1.78,3.82,4.82,1.75,3.6,5.0,1.73,3.8,4.8
03/10/2020,Leeds,Man City,1,1,D,0,1,A,M Dean,12,23,7,2,11,12,7,10,2,1,0,0,7.5,5.25,1.36,7.0,5.25,1.4,7.0,5.0,1.4,7.98,5.31,1.37,8.0,5.0,1.38,7.5,5.5,1.36
03/10/2020,Newcastle,Burnley,3,1,H,1,0,H,D Coote,10,7,5,3,13,17,3,4,2,3,0,0,2.4,3.2,3.1,2.45,3.1,3.1,2.5,2.95,3.05,2.51,3.2,3.12,2.45,3.1,3.1,2.4,3.13,3.2
04/10/2020,Leicester,West Ham,0,3,A,0,2,A,A Madley,4,14,0,6,11,8,6,4,2,2,0,0,1.61,4.2,5.25,1.65,4.1,5.0,1.73,3.8,4.6,1.7,4.16,4.94,1.7,4.0,4.8,1.65,4.1,5.0
04/10/2020,Southampton,West Brom,2,0,H,1,0,H,C Kavanagh,13,5,7,2,19,10,5,1,2,1,0,0,1.72,3.8,4.75,1.72,3.9,4.75,1.77,3.6,4.5,1.78,3.91,4.71,1.75,3.8,4.6,1.73,3.8,4.75
04/10/2020,Arsenal,Sheffield United,2,1,H,0,0,D,L Mason,6,6,5,2,3,9,2,4,0,1,0,0,1.57,4.0,6.0,1.55,4.1,6.25,1.6,3.8,6.0,1.56,4.17,6.73,1.55,4.0,6.5,1.55,4.0,6.5
04/10/2020,Wolves,Fulham,1,0,H,0,0,D,D England,14,10,5,2,15,8,6,2,1,1,0,0,1.5,4.0,7.5,1.5,4.0,7.25,1.53,3.8,7.0,1.51,4.2,7.63,1.52,3.9,7.5,1.5,4.0,7.5
04/10/2020,Man United,Tottenham,1,6,A,1,4,A,A Taylor,5,22,2,8,14,10,2,4,2,1,1,0,1.85,3.8,4.0,1.91,3.7,3.9,1.95,3.45,3.95,1.93,3.76,4.09,1.91,3.7,3.9,1.9,3.6,4.1
04/10/2020,Aston Villa,Liverpool,7,2,H,4,1,H,M Atkinson,18,14,11,8,7,10,2,7,2,1,0,0,10.0,5.5,1.3,9.75,5.5,1.3,8.25,5.0,1.35,10.05,5.4,1.33,9.0,5.25,1.33,10.0,5.5,1.3
17/10/2020,Everton,Liverpool,2,2,D,1,1,D,M Oliver,11,22,5,8,15,9,2,5,3,2,1,0,3.75,4.2,1.83,3.8,4.1,1.83,3.9,3.8,1.83,4.04,4.2,1.87,4.0,3.9,1.83,3.75,4.0,1.87
17/10/2020,Chelsea,Southampton,3,3,D,2,1,H,P Bankes,11,13,5,6,11,9,6,2,1,1,0,0,1.45,4.75,6.5,1.5,4.6,6.0,1.57,4.2,5.75,1.56,4.53,6.14,1.53,4.33,6.0,1.5,4.5,6.0
17/10/2020,Man City,Arsenal,1,0,H,1,0,H,C Kavanagh,13,11,5,3,15,10,6,6,4,1,0,0,1.44,5.0,6.5,1.48,4.75,6.0,1.5,4.5,5.75,1.51,4.87,6.36,1.47,4.75,6.0,1.5,4.75,6.0
17/10/2020,Newcastle,Man United,1,4,A,1,1,D,C Pawson,7,28,4,14,9,12,0,7,1,1,0,0,4.75,4.0,1.66,4.75,4.2,1.65,4.7,3.75,1.73,4.87,4.18,1.74,4.75,4.0,1.7,5.0,3.9,1.67
18/10/2020,Sheffield United,Fulham,1,1,D,0,0,D,A Marriner,10,15,6,6,5,9,2,5,0,2,0,0,2.1,3.3,3.7,2.05,3.4,3.7,2.15,3.1,3.7,2.15,3.4,3.84,2.1,3.25,3.75,2.05,3.25,3.9
18/10/2020,Crystal Palace,Brighton,1,1,D,1,0,H,S Attwell,1,20,1,3,13,12,2,5,3,2,0,1,2.62,3.3,2.7,2.6,3.3,2.75,2.65,3.0,2.8,2.73,3.34,2.83,2.62,3.25,2.75,2.7,3.13,2.75
18/10/2020,Tottenham,West Ham,3,3,D,3,0,H,P Tierney,11,13,6,4,13,12,3,7,0,5,0,0,1.57,4.33,5.5,1.57,4.25,5.5,1.63,3.95,5.0,1.64,4.21,5.63,1.62,4.0,5.5,1.6,4.2,5.25
18/10/2020,Leicester,Aston Villa,0,1,A,0,0,D,J Moss,11,10,5,4,18,18,2,7,4,3,0,0,1.83,3.8,4.1,1.83,3.9,4.0,1.9,3.6,3.85,1.93,3.89,4.1,1.88,3.7,4.0,1.85,3.8,4.0
19/10/2020,West Brom,Burnley,0,0,D,0,0,D,A Taylor,13,9,6,4,15,17,8,2,2,2,0,0,2.45,3.3,2.9,2.45,3.3,2.95,2.5,3.05,2.95,2.54,3.37,3.05,2.45,3.3,3.0,2.45,3.2,3.0
19/10/2020,Leeds,Wolves,0,1,A,0,0,D,D Coote,13,7,2,3,13,12,8,3,2,1,0,0,2.5,3.3,2.87,2.5,3.2,3.0,2.5,3.0,2.95,2.55,3.31,3.07,2.45,3.25,3.0,2.5,3.25,2.9
23/10/2020,Aston Villa,Leeds,0,3,A,0,0,D,P Tierney,12,27,4,9,14,17,6,5,2,2,0,0,2.05,3.75,3.3,2.15,3.6,3.25,2.1,3.5,3.3,2.13,3.83,3.44,2.1,3.7,3.3,2.1,3.7,3.3
24/10/2020,West Ham,Man City,1,1,D,1,0,H,A Taylor,6,14,2,7,14,6,2,10,2,0,0,0,8.0,5.25,1.36,7.25,5.0,1.4,6.5,4.8,1.43,7.51,5.3,1.42,7.5,5.0,1.4,7.5,5.0,1.4
24/10/2020,Fulham,Crystal Palace,1,2,A,0,1,A,G Scott,16,14,3,10,11,11,4,4,0,1,1,0,2.75,3.1,2.7,2.7,3.1,2.8,2.75,2.95,2.75,2.8,3.21,2.86,2.7,3.2,2.75,2.75,3.13,2.75
24/10/2020,Man United,Chelsea,0,0,D,0,0,D,M Atkinson,14,6,4,1,8,6,9,6,3,1,0,0,2.37,3.6,2.8,2.35,3.6,2.9,2.4,3.35,2.9,2.45,3.65,2.97,2.35,3.6,2.88,2.4,3.6,2.8
24/10/2020,Liverpool,Sheffield United,2,1,H,1,1,D,M Dean,17,13,5,2,7,15,7,3,0,3,0,0,1.22,6.5,12.0,1.25,6.25,11.5,1.27,6.0,11.0,1.25,6.66,12.96,1.25,6.0,12.0,1.25,6.0,13.0
25/10/2020,Southampton,Everton,2,0,H,2,0,H,K Friend,12,6,6,2,11,11,4,5,1,2,0,1,2.75,3.4,2.55,2.8,3.5,2.45,2.75,3.25,2.55,2.84,3.58,2.58,2.75,3.4,2.55,2.75,3.5,2.5
25/10/2020,Wolves,Newcastle,1,1,D,0,0,D,L Mason,16,5,3,2,10,10,2,3,0,1,0,0,1.75,3.5,5.25,1.75,3.5,5.25,1.8,3.3,5.0,1.79,3.59,5.48,1.75,3.5,5.25,1.75,3.5,5.25
25/10/2020,Arsenal,Leicester,0,1,A,0,0,D,C Pawson,12,6,4,2,13,9,9,3,3,5,0,0,1.9,3.75,3.8,1.91,3.8,3.8,1.95,3.5,3.85,1.95,3.83,4.06,1.91,3.7,3.9,1.91,3.7,3.9
26/10/2020,Brighton,West Brom,1,1,D,1,0,H,J Moss,5,9,3,3,14,7,6,2,2,0,0,0,1.7,4.0,4.75,1.75,3.9,4.5,1.75,3.6,4.6,1.78,4.08,4.7,1.75,3.8,4.6,1.73,3.8,4.8
26/10/2020,Burnley,Tottenham,0,1,A,0,0,D,M Oliver,13,9,4,3,9,7,4,5,2,0,0,0,5.75,4.0,1.6,5.5,4.0,1.62,5.5,3.75,1.65,5.63,4.15,1.66,5.8,3.9,1.6,6.0,3.9,1.6
30/10/2020,Wolves,Crystal Palace,2,0,H,2,0,H,M Atkinson,15,11,5,2,13,4,7,6,0,2,0,1,2.0,3.2,4.33,2.05,3.1,4.2,2.1,3.2,3.95,2.07,3.21,4.41,2.05,3.0,4.33,2.05,3.1,4.2
31/10/2020,Sheffield United,Man City,0,1,A,0,1,A,M Oliver,5,16,1,8,14,6,2,5,0,0,0,0,9.5,6.0,1.28,9.5,5.75,1.3,8.75,5.25,1.33,9.8,5.91,1.33,9.5,5.5,1.32,10.0,5.75,1.29
31/10/2020,Burnley,Chelsea,0,3,A,0,1,A,D Coote,5,14,0,9,10,15,3,4,1,0,0,0,6.0,4.5,1.5,6.25,4.5,1.5,5.75,4.1,1.57,6.32,4.39,1.56,6.0,4.33,1.53,6.5,4.33,1.5
31/10/2020,Liverpool,West Ham,2,1,H,1,1,D,K Friend,9,4,5,3,13,14,1,2,0,1,0,0,1.36,5.25,7.5,1.36,5.25,7.75,1.43,5.0,6.5,1.4,5.32,8.03,1.38,5.0,8.0,1.36,5.25,7.5
01/11/2020,Aston Villa,Southampton,3,4,A,0,3,A,D England,19,9,10,4,12,17,11,1,1,2,0,0,2.45,3.5,2.8,2.35,3.6,2.85,2.5,3.35,2.75,2.53,3.72,2.81,2.5,3.5,2.75,2.4,3.6,2.8
01/11/2020,Newcastle,Everton,2,1,H,0,0,D,S Attwell,11,15,4,4,9,10,5,4,2,4,0,0,3.7,3.4,2.05,3.75,3.4,2.05,3.55,3.3,2.1,3.82,3.56,2.09,3.7,3.4,2.05,3.5,3.5,2.05
01/11/2020,Man United,Arsenal,0,1,A,0,0,D,M Dean,8,7,2,2,12,12,6,3,3,3,0,0,2.0,3.6,3.6,2.0,3.7,3.6,2.05,3.45,3.55,2.05,3.78,3.73,2.05,3.6,3.6,2.05,3.6,3.5
01/11/2020,Tottenham,Brighton,2,1,H,1,0,H,G Scott,9,6,3,2,14,13,4,5,2,1,0,0,1.61,4.0,5.5,1.62,4.25,5.0,1.65,3.9,5.0,1.65,4.26,5.54,1.63,4.0,5.25,1.62,4.2,5.25
02/11/2020,Fulham,West Brom,2,0,H,2,0,H,S Hooper,13,10,6,1,13,11,5,2,3,2,0,0,2.4,3.3,3.0,2.4,3.3,3.0,2.45,3.1,3.0,2.47,3.4,3.13,2.4,3.3,3.0,2.45,3.25,3.0
02/11/2020,Leeds,Leicester,1,4,A,0,2,A,A Marriner,11,10,4,8,9,5,10,3,1,1,0,0,2.5,3.6,2.62,2.6,3.6,2.6,2.55,3.3,2.7,2.59,3.65,2.79,2.55,3.5,2.7,2.63,3.5,2.63
06/11/2020,Brighton,Burnley,0,0,D,0,0,D,M Dean,19,4,3,1,11,5,5,3,1,0,0,0,1.85,3.5,4.33,1.9,3.5,4.25,1.9,3.5,4.3,1.93,3.51,4.63,1.88,3.4,4.4,1.83,3.5,4.6
06/11/2020,Southampton,Newcastle,2,0,H,1,0,H,P Bankes,15,4,8,2,12,11,8,3,1,2,0,0,2.0,3.6,3.7,2.0,3.5,3.75,2.05,3.6,3.5,2.08,3.62,3.8,2.0,3.6,3.7,2.0,3.6,3.7
07/11/2020,Everton,Man United,1,3,A,1,2,A,P Tierney,7,13,1,5,12,19,5,2,4,2,0,0,2.9,3.5,2.37,2.85,3.5,2.4,2.9,3.3,2.4,2.98,3.65,2.44,2.9,3.5,2.4,2.9,3.5,2.38
07/11/2020,Crystal Palace,Leeds,4,1,H,3,1,H,C Kavanagh,10,9,6,3,9,1,3,6,0,2,0,0,2.87,3.4,2.45,2.9,3.4,2.45,2.9,3.15,2.5,2.99,3.48,2.52,2.9,3.3,2.5,3.0,3.3,2.45
07/11/2020,Chelsea,Sheffield United,4,1,H,2,1,H,J Moss,20,6,9,3,5,14,6,7,0,2,0,0,1.36,5.0,8.5,1.4,4.75,7.75,1.4,4.9,8.25,1.41,5.06,8.48,1.38,4.75,8.5,1.36,4.8,9.0
07/11/2020,West Ham,Fulham,1,0,H,0,0,D,R Jones,16,13,7,3,10,9,9,5,2,2,0,0,1.83,3.75,4.2,1.85,3.75,4.1,1.83,3.55,4.3,1.85,3.98,4.34,1.8,3.75,4.33,1.8,3.7,4.5
08/11/2020,West Brom,Tottenham,0,1,A,0,0,D,A Madley,12,19,2,5,17,12,9,6,1,0,0,0,7.0,4.33,1.45,6.0,4.2,1.55,6.25,4.3,1.53,6.58,4.45,1.54,6.5,4.33,1.5,7.0,4.4,1.5
08/11/2020,Leicester,Wolves,1,0,H,1,0,H,A Taylor,10,7,3,2,12,8,6,3,2,3,0,0,2.3,3.2,3.25,2.25,3.2,3.4,2.4,2.9,3.25,2.47,3.17,3.35,2.38,3.2,3.2,2.38,3.13,3.25
08/11/2020,Man City,Liverpool,1,1,D,1,1,D,C Pawson,7,10,2,3,19,11,1,2,3,1,0,0,1.95,4.2,3.4,1.95,4.0,3.5,2.0,3.8,3.4,2.0,4.2,3.56,2.0,3.9,3.4,2.0,3.9,3.4
08/11/2020,Arsenal,Aston Villa,0,3,A,0,1,A,M Atkinson,13,15,2,6,11,13,3,8,0,0,0,0,1.65,4.1,5.0,1.7,4.0,4.75,1.73,3.75,4.7,1.7,4.11,5.27,1.7,3.8,5.0,1.67,4.0,5.0
21/11/2020,Newcastle,Chelsea,0,2,A,0,1,A,C Pawson,8,14,1,3,11,12,7,4,2,0,0,0,6.5,4.75,1.45,6.0,4.6,1.5,5.75,4.6,1.5,6.74,4.61,1.52,6.5,4.33,1.5,7.0,4.5,1.45
21/11/2020,Aston Villa,Brighton,1,2,A,0,1,A,M Oliver,15,7,4,3,5,18,12,3,2,1,0,1,2.15,3.6,3.2,2.15,3.6,3.25,2.2,3.6,3.05,2.24,3.69,3.28,2.2,3.6,3.2,2.15,3.5,3.3
21/11/2020,Tottenham,Man City,2,0,H,1,0,H,M Dean,4,22,2,5,13,19,0,10,2,2,0,0,4.0,4.0,1.8,4.1,3.8,1.83,3.95,4.0,1.8,4.24,4.21,1.82,4.2,3.9,1.8,4.2,3.9,1.8
21/11/2020,Man United,West Brom,1,0,H,0,0,D,D Coote,17,7,7,2,12,17,8,2,1,1,0,0,1.3,5.5,9.5,1.3,5.5,9.75,1.35,5.5,7.5,1.34,5.5,10.03,1.32,5.25,9.5,1.33,5.0,10.0
22/11/2020,Fulham,Everton,2,3,A,1,3,A,A Madley,14,9,6,7,14,10,2,5,2,0,0,0,3.9,3.9,1.85,4.0,3.8,1.85,3.7,3.75,1.9,4.06,3.86,1.93,4.0,3.7,1.88,4.1,3.7,1.87
22/11/2020,Sheffield United,West Ham,0,1,A,0,0,D,M Atkinson,9,15,5,3,7,6,2,6,0,0,0,0,3.0,3.25,2.4,3.0,3.3,2.4,3.05,3.0,2.45,3.2,3.3,2.48,3.0,3.3,2.4,3.0,3.2,2.45
22/11/2020,Leeds,Arsenal,0,0,D,0,0,D,A Taylor,25,9,4,2,9,8,5,3,3,0,0,1,3.0,3.75,2.2,3.1,3.75,2.15,3.05,3.65,2.2,3.18,3.84,2.25,3.2,3.6,2.2,3.13,3.6,2.2
22/11/2020,Liverpool,Leicester,3,0,H,2,0,H,C Kavanagh,24,11,13,4,15,6,10,3,0,2,0,0,1.85,4.0,3.8,1.91,3.8,3.75,1.9,3.8,3.75,1.88,4.08,3.84,1.88,3.8,3.9,1.9,3.8,3.9
23/11/2020,Burnley,Crystal Palace,1,0,H,1,0,H,K Friend,10,15,4,5,13,9,4,7,2,0,0,0,2.75,3.1,2.75,2.75,3.1,2.75,2.8,2.8,2.8,2.89,3.06,2.89,2.7,3.1,2.8,2.75,3.1,2.75
23/11/2020,Wolves,Southampton,1,1,D,0,0,D,A Marriner,20,7,9,2,14,13,7,4,2,0,0,0,2.3,3.25,3.25,2.3,3.25,3.2,2.3,3.0,3.25,2.34,3.34,3.41,2.35,3.2,3.25,2.38,3.2,3.2
27/11/2020,Crystal Palace,Newcastle,0,2,A,0,0,D,G Scott,12,14,3,7,9,10,7,3,2,2,0,0,2.05,3.25,3.75,2.15,3.2,3.7,2.15,3.2,3.55,2.18,3.3,3.84,2.15,3.1,3.75,2.15,3.13,3.8
28/11/2020,Brighton,Liverpool,1,1,D,0,0,D,S Attwell,11,6,3,2,9,13,4,3,2,1,0,0,5.5,4.2,1.57,5.5,4.0,1.62,4.9,4.1,1.63,5.42,4.25,1.65,5.5,4.0,1.62,5.5,4.33,1.57
28/11/2020,Man City,Burnley,5,0,H,3,0,H,L Mason,19,9,6,1,12,4,6,4,0,0,0,0,1.16,7.5,16.0,1.18,7.5,15.0,1.17,7.5,14.0,1.18,8.3,14.98,1.17,7.5,17.0,1.14,8.0,19.0
28/11/2020,Everton,Leeds,0,1,A,0,0,D,C Kavanagh,15,23,8,7,8,14,4,2,1,2,0,0,1.95,3.8,3.6,1.95,3.7,3.7,2.0,3.75,3.4,2.07,3.76,3.64,2.05,3.6,3.5,2.0,3.7,3.6
28/11/2020,West Brom,Sheffield United,1,0,H,1,0,H,M Dean,17,21,6,5,10,9,14,9,2,3,0,0,2.6,3.2,2.8,2.55,3.1,2.95,2.55,3.2,2.8,2.66,3.22,2.99,2.6,3.2,2.8,2.6,3.13,2.9
29/11/2020,Southampton,Man United,2,3,A,2,0,H,J Moss,10,15,5,6,12,12,5,9,1,0,0,0,4.0,3.5,1.95,3.8,3.6,1.95,3.65,3.5,2.0,3.94,3.66,2.02,3.9,3.4,2.0,3.75,3.5,2.0
29/11/2020,Chelsea,Tottenham,0,0,D,0,0,D,P Tierney,13,5,3,1,20,9,3,3,4,2,0,0,2.05,3.5,3.6,2.1,3.5,3.5,2.1,3.5,3.35,2.14,3.51,3.69,2.1,3.5,3.5,2.05,3.6,3.5
29/11/2020,Arsenal,Wolves,1,2,A,1,2,A,M Oliver,13,11,2,5,13,13,8,4,3,4,0,0,2.05,3.4,3.75,2.05,3.4,3.8,2.1,3.25,3.6,2.18,3.33,3.81,2.1,3.25,3.7,2.15,3.13,3.75
30/11/2020,Leicester,Fulham,1,2,A,0,2,A,S Hooper,16,10,3,5,9,21,6,5,0,2,0,0,1.5,4.33,6.5,1.53,4.1,6.5,1.53,4.3,6.0,1.54,4.53,6.44,1.52,4.2,6.5,1.5,4.33,6.5
30/11/2020,West Ham,Aston Villa,2,1,H,1,1,D,P Bankes,6,16,2,6,20,7,3,7,1,1,0,0,2.25,3.6,3.0,2.25,3.5,3.1,2.3,3.5,2.95,2.36,3.64,3.09,2.3,3.5,3.0,2.3,3.5,3.0
05/12/2020,Burnley,Everton,1,1,D,1,1,D,A Taylor,8,13,3,6,6,9,8,4,0,0,0,0,4.0,3.5,1.9,4.1,3.5,1.91,4.1,3.4,1.95,4.14,3.58,1.99,4.0,3.5,1.95,4.1,3.5,1.93
05/12/2020,Man City,Fulham,2,0,H,2,0,H,J Moss,16,6,6,1,7,6,9,3,0,0,0,0,1.1,11.0,19.0,1.11,10.0,21.0,1.12,9.0,18.0,1.13,10.23,23.63,1.11,9.0,23.0,1.1,10.0,26.0
05/12/2020,West Ham,Man United,1,3,A,1,0,H,A Marriner,19,15,6,6,9,10,5,4,0,0,0,0,3.6,3.6,2.0,3.6,3.5,2.05,3.7,3.45,2.0,3.75,3.69,2.06,3.6,3.4,2.1,3.6,3.6,2.0
05/12/2020,Chelsea,Leeds,3,1,H,1,1,D,K Friend,23,8,11,3,12,9,8,4,0,2,0,0,1.5,4.5,6.0,1.53,4.4,5.75,1.55,4.4,5.5,1.56,4.54,6.19,1.53,4.33,6.0,1.5,4.6,6.0
06/12/2020,West Brom,Crystal Palace,1,5,A,1,1,D,P Tierney,9,18,4,6,10,16,4,6,2,2,1,0,2.87,3.2,2.55,2.8,3.2,2.6,2.85,3.1,2.55,2.98,3.3,2.61,2.88,3.2,2.55,2.88,3.13,2.6
06/12/2020,Sheffield United,Leicester,1,2,A,1,1,D,S Attwell,4,13,1,4,13,6,6,5,1,3,0,0,3.8,3.5,1.95,3.8,3.5,2.0,4.0,3.5,1.9,4.02,3.54,2.04,3.8,3.5,2.0,3.9,3.4,2.0
06/12/2020,Tottenham,Arsenal,2,0,H,2,0,H,M Atkinson,6,11,3,2,16,12,3,9,1,2,0,0,1.95,3.6,3.8,1.95,3.6,3.8,2.0,3.5,3.7,2.07,3.56,3.87,2.0,3.5,3.8,1.95,3.5,3.9
06/12/2020,Liverpool,Wolves,4,0,H,1,0,H,C Pawson,11,9,6,3,8,14,4,6,1,1,0,0,1.5,4.33,6.5,1.5,4.2,7.0,1.55,4.0,6.25,1.54,4.25,7.17,1.5,4.2,7.0,1.5,4.33,6.5
07/12/2020,Brighton,Southampton,1,2,A,1,1,D,D Coote,12,10,4,3,12,12,4,3,3,3,0,0,2.45,3.4,2.9,2.55,3.4,2.75,2.65,3.25,2.7,2.56,3.46,2.93,2.5,3.3,2.88,2.5,3.3,2.88
11/12/2020,Leeds,West Ham,1,2,A,1,1,D,M Oliver,13,19,7,8,12,10,5,6,1,2,0,0,2.15,3.7,3.1,2.2,3.6,3.1,2.15,3.6,3.15,2.22,3.71,3.3,2.2,3.5,3.25,2.15,3.75,3.13
12/12/2020,Wolves,Aston Villa,0,1,A,0,0,D,M Dean,16,13,7,2,23,15,5,8,2,5,0,0,2.25,3.25,3.25,2.35,3.3,3.1,2.35,3.05,3.15,2.4,3.32,3.28,2.35,3.2,3.2,2.3,3.3,3.2
12/12/2020,Newcastle,West Brom,2,1,H,1,0,H,D England,12,13,7,3,9,12,4,3,2,3,0,0,2.45,3.2,3.0,2.45,3.2,3.0,2.4,3.05,2.95,2.62,3.32,2.95,2.5,3.25,2.9,2.45,3.2,3.0
12/12/2020,Man United,Man City,0,0,D,0,0,D,C Kavanagh,11,9,2,2,13,6,4,3,1,1,0,0,4.33,4.2,1.72,4.2,4.2,1.75,4.4,3.85,1.73,4.49,4.32,1.75,4.5,4.0,1.73,4.75,4.0,1.7
12/12/2020,Everton,Chelsea,1,0,H,1,0,H,J Moss,9,10,4,3,10,11,6,6,2,3,0,0,4.33,4.2,1.7,4.25,4.1,1.75,4.4,3.8,1.73,4.52,4.28,1.76,4.33,4.0,1.75,4.5,4.0,1.73
13/12/2020,Southampton,Sheffield United,3,0,H,1,0,H,A Madley,16,3,6,0,8,14,8,4,0,1,0,0,1.7,3.75,5.0,1.7,3.8,5.0,1.73,3.5,4.9,1.73,4.01,5.07,1.7,3.8,5.0,1.7,3.7,5.25
13/12/2020,Crystal Palace,Tottenham,1,1,D,0,1,A,K Friend,16,14,5,6,15,11,4,7,1,1,0,0,4.5,3.9,1.72,4.75,3.7,1.75,4.6,3.5,1.77,4.92,3.83,1.79,4.75,3.7,1.75,4.8,3.7,1.75
13/12/2020,Fulham,Liverpool,1,1,D,1,0,H,A Marriner,10,12,5,6,9,5,6,8,3,1,0,0,9.0,5.5,1.3,8.5,5.5,1.33,8.0,5.25,1.33,8.67,5.98,1.34,8.5,5.5,1.33,8.0,5.25,1.36
13/12/2020,Arsenal,Burnley,0,1,A,0,0,D,G Scott,18,10,6,2,5,11,13,4,2,1,1,0,1.53,4.2,6.25,1.55,4.1,6.25,1.55,3.95,6.5,1.54,4.33,6.84,1.53,4.2,6.5,1.53,4.1,6.5
13/12/2020,Leicester,Brighton,3,0,H,3,0,H,M Atkinson,15,12,6,4,9,11,9,5,2,1,0,0,2.0,3.5,3.8,2.0,3.4,3.9,2.0,3.45,3.75,2.06,3.56,3.91,2.0,3.5,3.75,2.0,3.5,3.8
15/12/2020,Wolves,Chelsea,2,1,H,0,0,D,S Attwell,12,13,4,3,12,12,5,6,2,2,0,0,5.25,3.8,1.66,5.0,3.8,1.7,5.5,3.5,1.7,5.59,3.9,1.7,5.5,3.7,1.67,5.75,3.7,1.65
15/12/2020,Man City,West Brom,1,1,D,1,1,D,P Bankes,26,5,7,1,5,8,13,2,2,3,0,0,1.09,11.0,21.0,1.1,10.5,23.0,1.1,9.5,24.0,1.11,9.75,23.03,1.11,9.0,26.0,1.08,11.0,29.0
16/12/2020,Arsenal,Southampton,1,1,D,0,1,A,P Tierney,9,13,4,3,13,13,2,7,1,3,1,0,2.25,3.5,3.1,2.2,3.5,3.2,2.25,3.25,3.15,2.27,3.55,3.32,2.25,3.4,3.2,2.2,3.5,3.2
16/12/2020,Leeds,Newcastle,5,2,H,1,1,D,S Hooper,25,10,10,4,10,13,7,4,3,1,0,0,1.75,4.0,4.33,1.75,3.8,4.6,1.77,3.6,4.4,1.78,4.07,4.6,1.75,3.8,4.6,1.75,3.8,4.5
16/12/2020,Leicester,Everton,0,2,A,0,1,A,L Mason,14,11,2,6,12,9,4,6,2,3,0,0,2.15,3.6,3.25,2.2,3.6,3.1,2.2,3.3,3.2,2.23,3.62,3.37,2.2,3.5,3.2,2.2,3.6,3.13
16/12/2020,Fulham,Brighton,0,0,D,0,0,D,R Jones,9,9,4,4,15,11,1,8,1,0,0,0,2.87,3.3,2.5,2.9,3.3,2.5,2.9,3.05,2.5,3.0,3.4,2.53,2.9,3.25,2.5,2.9,3.3,2.5
16/12/2020,Liverpool,Tottenham,2,1,H,1,1,D,A Taylor,17,8,11,2,8,9,7,4,0,2,0,0,1.75,3.8,4.5,1.78,3.75,4.5,1.8,3.65,4.3,1.81,3.9,4.64,1.78,3.75,4.5,1.75,3.9,4.4
16/12/2020,West Ham,Crystal Palace,1,1,D,0,1,A,D Coote,9,8,2,2,8,12,5,3,0,1,0,1,2.05,3.4,3.6,2.05,3.3,3.8,2.1,3.2,3.6,2.09,3.54,3.82,2.1,3.4,3.6,2.1,3.4,3.6
17/12/2020,Aston Villa,Burnley,0,0,D,0,0,D,C Pawson,27,6,7,4,17,19,11,1,1,1,0,0,1.75,3.8,4.5,1.7,4.0,4.75,1.73,3.6,4.7,1.76,3.93,4.95,1.73,3.75,4.8,1.73,3.75,4.8
17/12/2020,Sheffield United,Man United,2,3,A,1,2,A,M Oliver,12,14,6,8,17,8,6,3,3,2,0,0,7.0,4.6,1.44,6.5,4.5,1.48,7.75,4.8,1.4,7.35,4.78,1.47,7.5,4.4,1.44,7.5,4.4,1.44
19/12/2020,Crystal Palace,Liverpool,0,7,A,0,3,A,J Moss,5,14,3,8,5,11,5,4,1,0,0,0,6.5,4.33,1.5,6.0,4.6,1.5,6.0,4.2,1.53,6.52,4.53,1.53,6.5,4.4,1.5,6.5,4.33,1.5
19/12/2020,Southampton,Man City,0,1,A,0,1,A,M Dean,9,11,3,5,9,11,6,6,2,2,0,0,7.0,4.5,1.44,6.25,4.6,1.48,6.25,4.4,1.5,6.56,4.72,1.51,6.5,4.6,1.47,7.0,4.6,1.45
19/12/2020,Everton,Arsenal,2,1,H,2,1,H,A Marriner,9,13,2,2,9,9,4,3,1,3,0,0,2.45,3.5,2.8,2.25,3.5,3.1,2.4,3.4,2.9,2.5,3.47,2.99,2.45,3.4,2.9,2.38,3.4,3.0
19/12/2020,Newcastle,Fulham,1,1,D,0,1,A,G Scott,12,11,5,4,7,17,2,9,1,2,0,1,2.5,3.25,2.9,2.55,3.25,2.85,2.6,3.1,2.85,2.63,3.33,2.93,2.55,3.2,2.88,2.55,3.2,2.88
20/12/2020,Brighton,Sheffield United,1,1,D,0,0,D,P Bankes,21,5,5,3,9,11,14,2,1,5,0,1,1.65,3.75,5.5,1.72,3.7,5.0,1.7,3.45,5.5,1.69,3.85,5.79,1.7,3.6,5.5,1.7,3.5,5.75
20/12/2020,Tottenham,Leicester,0,2,A,0,1,A,C Pawson,8,17,3,4,15,14,5,3,2,2,0,0,2.05,3.5,3.6,2.05,3.5,3.6,2.1,3.25,3.6,2.1,3.54,3.79,2.05,3.4,3.7,2.05,3.5,3.6
20/12/2020,Man United,Leeds,6,2,H,4,1,H,A Taylor,26,17,14,3,6,6,11,13,1,0,0,0,1.66,4.33,4.5,1.7,4.25,4.4,1.73,3.95,4.3,1.73,4.31,4.66,1.7,4.2,4.5,1.67,4.2,4.75
20/12/2020,West Brom,Aston Villa,0,3,A,0,1,A,M Atkinson,1,19,1,10,14,8,1,7,1,2,1,0,3.6,3.8,1.95,3.7,3.8,1.95,3.65,3.45,1.97,3.82,3.83,2.0,3.7,3.6,2.0,3.7,3.6,2.0
21/12/2020,Burnley,Wolves,2,1,H,1,0,H,L Mason,10,15,4,3,11,15,1,7,2,1,0,0,3.5,3.25,2.2,3.6,3.1,2.2,3.55,2.9,2.25,3.73,3.19,2.27,3.6,3.1,2.25,3.7,3.0,2.25
21/12/2020,Chelsea,West Ham,3,0,H,1,0,H,C Kavanagh,11,6,7,0,11,6,5,4,0,0,0,0,1.44,5.0,6.25,1.45,4.75,6.5,1.53,4.3,6.0,1.52,4.72,6.46,1.47,4.5,6.5,1.45,4.6,7.0
26/12/2020,Leicester,Man United,2,2,D,1,1,D,M Dean,10,9,2,4,10,17,5,0,2,1,0,0,2.9,3.6,2.3,2.9,3.6,2.35,3.0,3.3,2.3,3.08,3.67,2.35,3.0,3.5,2.3,3.0,3.6,2.3
26/12/2020,Aston Villa,Crystal Palace,3,0,H,1,0,H,A Taylor,21,13,10,6,18,16,4,4,1,4,1,0,1.9,3.75,3.8,1.95,3.7,3.75,1.95,3.45,3.8,1.95,3.9,3.91,1.95,3.7,3.75,1.91,3.6,4.0
26/12/2020,Fulham,Southampton,0,0,D,0,0,D,D England,10,3,1,2,15,12,6,3,2,0,0,0,3.2,3.3,2.3,3.1,3.3,2.35,3.15,3.1,2.35,3.29,3.42,2.35,3.2,3.3,2.3,3.25,3.4,2.25
26/12/2020,Arsenal,Chelsea,3,1,H,2,0,H,M Oliver,15,19,7,3,13,10,7,9,2,1,0,0,4.0,3.6,1.9,4.1,3.5,1.91,3.95,3.35,1.95,4.14,3.73,1.94,4.2,3.5,1.91,4.2,3.6,1.87
26/12/2020,Man City,Newcastle,2,0,H,1,0,H,A Marriner,11,7,6,2,5,12,7,3,2,2,0,0,1.11,10.0,19.0,1.12,9.0,23.0,1.12,8.75,20.0,1.14,9.55,22.92,1.11,9.0,23.0,1.1,10.0,23.0
26/12/2020,Sheffield United,Everton,0,1,A,0,0,D,D Coote,10,7,2,3,11,10,6,3,2,4,0,0,4.2,3.6,1.85,4.33,3.6,1.85,4.1,3.6,1.85,4.26,3.66,1.94,4.2,3.5,1.91,4.4,3.5,1.85
27/12/2020,Leeds,Burnley,1,0,H,1,0,H,R Jones,11,14,4,6,8,14,4,12,0,3,0,0,1.72,4.0,4.33,1.72,4.0,4.5,1.75,3.75,4.4,1.76,4.09,4.71,1.73,4.0,4.5,1.73,4.0,4.6
27/12/2020,West Ham,Brighton,2,2,D,0,1,A,S Hooper,11,13,4,4,6,8,5,4,0,0,0,0,2.3,3.4,3.1,2.35,3.3,3.1,2.4,3.1,3.05,2.42,3.38,3.19,2.38,3.25,3.1,2.3,3.4,3.1
27/12/2020,Liverpool,West Brom,1,1,D,1,0,H,K Friend,17,5,2,3,8,5,8,3,0,1,0,0,1.11,10.0,19.0,1.13,8.75,19.5,1.15,8.5,18.0,1.14,9.42,22.43,1.12,8.5,21.0,1.14,8.0,20.0
27/12/2020,Wolves,Tottenham,1,1,D,0,1,A,P Tierney,11,6,6,3,20,13,9,2,4,1,0,0,3.6,3.25,2.15,3.75,3.25,2.1,3.55,3.05,2.15,3.76,3.37,2.17,3.5,3.2,2.2,3.6,3.25,2.15
28/12/2020,Crystal Palace,Leicester,1,1,D,0,0,D,G Scott,4,17,1,3,10,7,2,5,0,1,0,0,3.75,3.5,2.0,3.8,3.6,1.95,3.7,3.5,2.0,3.95,3.58,2.04,3.9,3.4,2.0,3.8,3.5,2.0
28/12/2020,Chelsea,Aston Villa,1,1,D,1,0,H,S Attwell,16,10,5,2,16,3,11,4,3,1,0,0,1.61,4.2,5.0,1.67,4.1,4.75,1.7,4.1,4.5,1.71,4.25,4.89,1.7,4.0,4.75,1.67,4.2,4.75
29/12/2020,Brighton,Arsenal,0,1,A,0,0,D,M Atkinson,13,11,2,3,11,4,5,4,2,0,0,0,3.25,3.5,2.2,3.2,3.4,2.25,3.3,3.3,2.25,3.27,3.43,2.35,3.2,3.4,2.25,3.3,3.3,2.25
29/12/2020,Burnley,Sheffield United,1,0,H,1,0,H,C Kavanagh,5,7,3,3,13,17,3,5,1,2,0,0,2.37,3.1,3.25,2.3,3.2,3.25,2.4,3.05,3.15,2.45,3.2,3.31,2.4,3.1,3.2,2.38,3.1,3.25
29/12/2020,Southampton,West Ham,0,0,D,0,0,D,A Madley,8,8,3,3,16,15,4,3,3,1,0,0,2.1,3.6,3.4,2.15,3.6,3.25,2.2,3.4,3.25,2.23,3.57,3.4,2.2,3.4,3.3,2.15,3.4,3.4
29/12/2020,West Brom,Leeds,0,5,A,0,4,A,L Mason,4,14,1,6,7,10,3,10,0,1,0,0,3.6,3.6,2.0,3.6,3.7,2.0,3.5,3.65,2.0,3.72,3.71,2.06,3.6,3.5,2.05,3.5,3.75,2.0
29/12/2020,Man United,Wolves,1,0,H,0,0,D,J Moss,11,9,3,5,11,7,2,2,1,1,0,0,1.53,4.2,6.25,1.57,4.2,5.75,1.55,4.2,6.0,1.53,4.35,5.94,1.55,4.0,6.5,1.55,4.0,6.5
30/12/2020,Newcastle,Liverpool,0,0,D,0,0,D,P Tierney,8,11,2,4,9,13,5,12,2,3,0,0,12.0,6.0,1.25,9.25,5.75,1.3,10.0,6.0,1.27,9.61,6.09,1.32,11.0,5.5,1.29,11.5,6.0,1.25
01/01/2021,Everton,West Ham,0,1,A,0,0,D,K Friend,10,11,2,5,9,7,5,4,2,0,0,0,2.1,3.5,3.5,2.15,3.5,3.3,2.15,3.35,3.45,2.19,3.52,3.55,2.15,3.4,3.5,2.1,3.4,3.6
01/01/2021,Man United,Aston Villa,2,1,H,1,0,H,M Oliver,19,5,9,5,22,10,5,10,4,0,0,0,1.72,4.2,4.2,1.7,4.2,4.5,1.75,3.9,4.4,1.78,4.14,4.52,1.75,4.0,4.4,1.7,4.1,4.6
02/01/2021,Tottenham,Leeds,3,0,H,2,0,H,D Coote,20,18,7,5,15,13,3,5,2,1,1,0,1.75,4.1,4.2,1.78,3.9,4.25,1.8,3.9,3.9,1.81,4.13,4.34,1.8,3.9,4.2,1.75,4.1,4.1
02/01/2021,Crystal Palace,Sheffield United,2,0,H,2,0,H,S Attwell,9,7,4,2,8,18,3,6,1,3,0,0,1.95,3.5,3.9,1.95,3.5,3.9,1.95,3.3,4.1,2.02,3.45,3.84,2.0,3.3,4.0,2.0,3.25,4.1
02/01/2021,Brighton,Wolves,3,3,D,1,3,A,A Madley,13,11,4,4,13,8,5,8,2,1,0,0,2.62,3.25,2.75,2.6,3.2,2.8,2.6,2.9,2.85,2.68,3.28,2.91,2.7,3.1,2.8,2.7,3.0,2.9
02/01/2021,West Brom,Arsenal,0,4,A,0,2,A,M Atkinson,7,21,3,12,7,4,3,5,1,2,0,0,5.75,4.0,1.57,5.75,4.1,1.57,5.5,3.75,1.63,5.98,4.09,1.63,6.5,4.2,1.53,6.0,4.0,1.57
03/01/2021,Newcastle,Leicester,1,2,A,0,0,D,R Jones,8,9,2,3,10,11,3,6,0,2,0,0,5.25,4.2,1.61,5.25,4.1,1.62,5.0,3.65,1.7,5.35,3.99,1.7,5.25,3.9,1.65,5.5,3.8,1.65
03/01/2021,Chelsea,Man City,1,3,A,0,3,A,A Taylor,9,18,2,6,11,10,5,3,3,1,0,0,3.0,3.7,2.2,3.0,3.7,2.25,2.95,3.4,2.3,2.95,3.67,2.4,3.1,3.5,2.25,3.1,3.7,2.2
04/01/2021,Southampton,Liverpool,1,0,H,1,0,H,A Marriner,7,17,3,1,5,12,1,10,1,3,0,0,5.0,4.33,1.61,4.75,4.25,1.65,4.8,3.9,1.65,5.03,4.44,1.67,5.0,4.2,1.63,5.0,4.1,1.65
12/01/2021,Sheffield United,Newcastle,1,0,H,0,0,D,A Madley,17,7,4,3,13,12,5,2,2,3,0,1,2.45,3.1,3.1,2.45,3.1,3.1,2.5,3.05,3.1,2.53,3.18,3.2,2.45,3.1,3.1,2.45,3.0,3.25
12/01/2021,Burnley,Man United,0,1,A,0,0,D,K Friend,11,13,0,7,15,13,3,4,1,2,0,0,7.0,4.5,1.45,7.25,4.5,1.45,6.6,4.5,1.48,7.33,4.66,1.48,7.0,4.33,1.47,7.5,4.5,1.44
12/01/2021,Wolves,Everton,1,2,A,1,1,D,M Atkinson,12,5,3,3,6,11,6,5,2,2,0,0,2.45,3.1,3.1,2.45,3.1,3.1,2.5,3.05,3.05,2.56,3.18,3.15,2.45,3.1,3.1,2.45,3.1,3.1
13/01/2021,Man City,Brighton,1,0,H,1,0,H,D England,16,5,6,1,4,12,8,4,0,2,0,0,1.14,8.5,16.0,1.2,6.75,14.5,1.18,7.4,14.0,1.19,7.61,16.97,1.17,7.0,19.0,1.15,7.5,19.0
13/01/2021,Tottenham,Fulham,1,1,D,1,0,H,P Tierney,15,15,6,4,13,15,6,5,1,2,0,0,1.36,5.0,8.5,1.4,4.75,8.0,1.42,4.8,7.2,1.36,4.97,8.16,1.4,4.75,8.0,1.4,4.75,8.0
14/01/2021,Arsenal,Crystal Palace,0,0,D,0,0,D,A Marriner,11,12,4,2,10,11,7,3,1,1,0,0,1.53,4.0,6.5,1.55,4.0,6.5,1.55,4.1,6.0,1.58,4.18,6.55,1.55,4.0,6.5,1.53,4.1,6.5
16/01/2021,Wolves,West Brom,2,3,A,2,1,H,M Oliver,23,12,6,5,10,14,11,0,2,1,0,0,1.6,3.5,7.0,1.6,3.6,6.75,1.6,3.7,6.2,1.63,3.7,7.07,1.6,3.5,7.0,1.6,3.7,6.5
16/01/2021,Leeds,Brighton,0,1,A,0,1,A,K Friend,7,7,2,2,8,9,5,2,1,1,0,0,2.1,3.5,3.4,2.15,3.5,3.3,2.15,3.55,3.3,2.18,3.67,3.43,2.15,3.5,3.3,2.15,3.6,3.3
16/01/2021,West Ham,Burnley,1,0,H,1,0,H,C Kavanagh,15,10,4,2,12,9,7,4,2,1,0,0,1.8,3.5,4.75,1.8,3.6,4.6,1.83,3.5,4.6,1.85,3.57,4.88,1.83,3.4,4.75,1.8,3.5,4.75
16/01/2021,Fulham,Chelsea,0,1,A,0,0,D,P Bankes,10,21,3,6,11,10,1,12,2,3,1,0,6.5,4.33,1.5,6.75,4.1,1.53,5.8,4.25,1.55,6.81,4.17,1.56,6.5,4.2,1.53,6.5,4.1,1.53
16/01/2021,Leicester,Southampton,2,0,H,1,0,H,S Attwell,16,8,5,3,10,11,2,5,2,2,0,0,1.8,3.75,4.5,1.78,3.75,4.5,1.8,3.7,4.5,1.8,3.69,4.52,1.78,3.6,4.8,1.8,3.7,4.6
17/01/2021,Sheffield United,Tottenham,1,3,A,0,2,A,A Marriner,15,14,5,5,13,4,5,7,4,0,0,0,6.25,3.75,1.6,6.5,3.8,1.57,5.6,3.75,1.65,6.1,3.73,1.68,6.5,3.6,1.63,6.0,3.8,1.62
17/01/2021,Liverpool,Man United,0,0,D,0,0,D,P Tierney,17,8,3,4,15,6,7,3,2,1,0,0,1.95,3.8,3.6,2.0,3.8,3.5,1.95,3.8,3.65,1.98,4.0,3.71,1.95,3.8,3.6,1.95,3.75,3.7
17/01/2021,Man City,Crystal Palace,4,0,H,1,0,H,L Mason,13,2,6,0,9,8,11,1,0,0,0,0,1.14,8.5,17.0,1.17,7.75,14.5,1.18,7.2,15.5,1.18,7.87,18.27,1.17,7.5,17.0,1.14,8.0,19.0
18/01/2021,Arsenal,Newcastle,3,0,H,0,0,D,D Coote,20,4,6,1,9,8,7,2,0,0,0,0,1.4,4.5,8.0,1.45,4.6,7.0,1.45,4.55,7.0,1.45,4.73,7.98,1.42,4.5,8.0,1.44,4.5,8.0
19/01/2021,West Ham,West Brom,2,1,H,1,0,H,G Scott,14,6,6,2,10,10,3,1,0,1,0,0,1.57,4.2,5.5,1.57,4.0,6.0,1.6,3.9,5.7,1.58,4.23,6.35,1.57,3.9,6.5,1.55,4.0,6.5
19/01/2021,Leicester,Chelsea,2,0,H,2,0,H,C Pawson,8,9,6,5,7,16,6,3,1,3,0,0,2.87,3.4,2.45,2.85,3.4,2.45,2.85,3.35,2.45,2.92,3.49,2.55,3.0,3.4,2.4,2.8,3.4,2.5
20/01/2021,Man City,Aston Villa,2,0,H,0,0,D,J Moss,28,11,9,4,10,9,16,2,0,2,0,0,1.22,6.5,12.0,1.25,6.25,11.5,1.27,6.0,10.0,1.24,6.1,11.61,1.25,6.0,12.0,1.25,6.0,12.0
20/01/2021,Fulham,Man United,1,2,A,1,1,D,M Atkinson,12,15,5,5,6,10,2,8,3,1,0,0,6.0,4.33,1.53,5.75,4.33,1.55,5.8,4.25,1.55,6.32,4.41,1.56,6.5,4.2,1.53,6.5,4.2,1.53
21/01/2021,Liverpool,Burnley,0,1,A,0,0,D,M Dean,27,6,6,4,11,8,12,0,2,1,0,0,1.18,7.5,15.0,1.17,7.5,15.5,1.21,6.6,13.5,1.21,7.24,15.81,1.18,7.0,17.0,1.18,7.0,17.0
23/01/2021,Aston Villa,Newcastle,2,0,H,2,0,H,S Hooper,14,7,5,1,9,18,5,4,0,3,0,0,1.45,4.75,6.5,1.48,4.75,6.0,1.5,4.5,6.25,1.52,4.68,6.46,1.5,4.4,6.5,1.5,4.33,6.5
26/01/2021,Crystal Palace,West Ham,2,3,A,1,2,A,S Attwell,6,17,3,7,9,8,3,4,0,0,0,0,3.1,3.25,2.37,3.1,3.25,2.4,3.15,3.2,2.35,3.21,3.32,2.44,3.2,3.3,2.3,3.13,3.2,2.4
26/01/2021,Newcastle,Leeds,1,2,A,0,1,A,A Taylor,22,9,5,2,10,15,9,5,1,3,0,0,3.9,3.8,1.85,3.75,3.8,1.91,3.8,3.8,1.9,3.92,3.89,1.95,3.7,3.7,1.95,3.9,3.75,1.9
26/01/2021,Southampton,Arsenal,1,3,A,1,2,A,K Friend,13,9,5,5,11,6,4,5,1,2,0,0,3.5,3.6,2.05,3.5,3.6,2.05,3.45,3.6,2.05,3.59,3.69,2.11,3.5,3.6,2.05,3.5,3.6,2.05
26/01/2021,West Brom,Man City,0,5,A,0,4,A,C Kavanagh,4,18,1,7,8,8,3,8,2,0,0,0,15.0,7.5,1.18,16.0,7.25,1.18,15.0,6.75,1.2,15.82,7.25,1.21,12.0,7.0,1.22,18.0,7.0,1.18
27/01/2021,Burnley,Aston Villa,3,2,H,0,1,A,P Tierney,10,18,5,10,16,7,2,4,1,0,0,0,3.8,3.5,1.95,3.8,3.5,2.0,3.85,3.55,1.95,4.01,3.65,2.0,3.9,3.4,2.0,3.8,3.5,2.0
27/01/2021,Chelsea,Wolves,0,0,D,0,0,D,A Madley,14,4,5,0,14,7,13,1,1,1,0,0,1.6,4.2,5.25,1.6,4.1,5.5,1.63,3.95,5.5,1.63,4.26,5.68,1.6,4.0,5.8,1.6,3.9,6.0
27/01/2021,Brighton,Fulham,0,0,D,0,0,D,C Pawson,16,10,5,3,10,14,10,0,2,1,0,0,2.05,3.4,3.75,2.1,3.4,3.6,2.05,3.3,3.85,2.07,3.47,3.96,2.05,3.3,3.8,2.05,3.3,3.8
27/01/2021,Everton,Leicester,1,1,D,1,0,H,M Dean,8,19,2,6,12,10,5,11,1,1,0,0,2.8,3.3,2.55,2.85,3.3,2.55,2.8,3.2,2.6,2.92,3.26,2.68,2.8,3.2,2.6,2.8,3.25,2.6
27/01/2021,Man United,Sheffield United,1,2,A,0,1,A,P Bankes,16,5,4,3,10,12,7,2,1,1,0,0,1.25,6.0,11.0,1.26,6.0,11.0,1.3,6.0,9.0,1.29,6.21,11.4,1.27,5.8,11.0,1.29,5.5,12.0
28/01/2021,Tottenham,Liverpool,1,3,A,0,1,A,M Atkinson,3,14,2,7,9,11,1,2,1,2,0,0,3.2,3.6,2.2,3.1,3.7,2.2,3.2,3.5,2.2,3.33,3.61,2.25,3.2,3.4,2.25,3.25,3.5,2.2
30/01/2021,Everton,Newcastle,0,2,A,0,0,D,S Attwell,11,13,3,3,13,6,7,12,3,4,0,0,1.55,4.0,6.5,1.55,4.0,6.5,1.6,3.9,6.0,1.61,4.03,6.49,1.57,3.9,6.5,1.57,3.9,6.5
30/01/2021,Crystal Palace,Wolves,1,0,H,0,0,D,S Hooper,11,6,2,4,7,10,1,6,1,2,0,0,2.87,3.2,2.55,2.9,3.1,2.6,2.95,3.05,2.6,3.05,3.15,2.65,2.88,3.1,2.62,3.0,3.0,2.6
30/01/2021,Man City,Sheffield United,1,0,H,1,0,H,D Coote,10,4,5,1,7,10,10,0,0,3,0,0,1.12,9.0,18.0,1.14,8.0,19.5,1.12,8.5,23.0,1.13,9.43,26.18,1.14,8.0,21.0,1.13,9.0,21.0
30/01/2021,West Brom,Fulham,2,2,D,0,1,A,A Taylor,5,12,3,7,9,10,2,3,1,0,0,0,3.3,3.2,2.3,3.3,3.2,2.3,3.3,3.2,2.3,3.43,3.26,2.36,3.3,3.1,2.35,3.3,3.2,2.3
30/01/2021,Arsenal,Man United,0,0,D,0,0,D,M Oliver,17,14,3,3,9,16,4,7,1,3,0,0,2.8,3.5,2.45,2.9,3.25,2.5,2.85,3.4,2.5,2.93,3.46,2.55,2.8,3.5,2.45,2.8,3.4,2.5
30/01/2021,Southampton,Aston Villa,0,1,A,0,1,A,L Mason,20,8,5,4,12,11,7,1,1,0,0,0,2.8,3.6,2.37,2.8,3.6,2.4,2.85,3.55,2.4,2.9,3.73,2.44,2.88,3.5,2.38,2.88,3.5,2.4
31/01/2021,Chelsea,Burnley,2,0,H,1,0,H,G Scott,19,1,8,0,7,9,4,2,0,1,0,0,1.33,5.0,9.5,1.33,5.25,9.0,1.33,5.25,9.5,1.36,5.25,10.02,1.33,5.0,10.0,1.33,5.25,9.0
31/01/2021,Leicester,Leeds,1,3,A,1,1,D,C Kavanagh,18,8,8,7,17,16,6,4,0,3,0,0,1.8,4.0,4.2,1.83,4.0,3.9,1.8,3.95,4.1,1.81,4.18,4.27,1.85,3.8,4.0,1.8,3.9,4.2
31/01/2021,West Ham,Liverpool,1,3,A,0,0,D,J Moss,8,14,2,5,7,8,6,5,2,0,0,0,4.33,4.0,1.75,4.25,3.9,1.78,4.5,3.8,1.77,4.65,4.1,1.77,4.5,3.9,1.75,4.33,3.8,1.8
31/01/2021,Brighton,Tottenham,1,0,H,1,0,H,P Bankes,16,8,5,4,11,11,9,2,2,1,0,0,3.2,3.4,2.25,3.1,3.3,2.35,3.2,3.3,2.3,3.18,3.46,2.39,3.1,3.25,2.38,3.1,3.25,2.38
02/02/2021,Sheffield United,West Brom,2,1,H,0,1,A,P Tierney,14,8,6,4,11,9,9,2,2,1,0,0,2.0,3.3,4.0,1.95,3.3,4.2,2.1,3.2,3.85,2.11,3.33,4.03,1.95,3.3,4.2,2.05,3.2,4.0
02/02/2021,Wolves,Arsenal,2,1,H,1,1,D,C Pawson,11,9,7,3,11,8,9,6,3,2,0,2,3.6,3.3,2.1,3.6,3.25,2.15,3.6,3.2,2.15,3.71,3.36,2.2,3.6,3.25,2.15,3.7,3.2,2.15
02/02/2021,Man United,Southampton,9,0,H,4,0,H,M Dean,24,3,14,1,11,6,5,3,2,3,0,2,1.4,4.75,7.0,1.45,4.6,7.0,1.45,4.8,6.5,1.46,4.81,7.59,1.42,4.5,8.0,1.4,4.8,7.5
02/02/2021,Newcastle,Crystal Palace,1,2,A,1,2,A,D England,21,6,5,3,14,11,9,1,1,3,0,0,2.8,3.2,2.6,2.8,3.2,2.6,2.9,3.1,2.6,3.01,3.16,2.68,2.8,3.2,2.6,2.9,3.13,2.6
03/02/2021,Burnley,Man City,0,2,A,0,2,A,M Atkinson,2,17,0,6,8,5,1,3,2,1,0,0,13.0,7.0,1.2,13.5,6.5,1.22,14.0,6.25,1.22,14.8,6.57,1.23,15.0,6.5,1.2,13.0,7.0,1.2
03/02/2021,Fulham,Leicester,0,2,A,0,2,A,R Jones,8,9,1,5,17,10,5,2,3,1,0,0,4.0,3.5,1.9,4.1,3.5,1.91,3.95,3.45,1.97,4.12,3.56,2.0,4.0,3.5,1.95,4.1,3.4,1.95
03/02/2021,Leeds,Everton,1,2,A,0,2,A,M Oliver,16,10,7,6,12,12,7,1,2,3,0,0,2.5,3.5,2.7,2.35,3.75,2.8,2.45,3.55,2.75,2.51,3.71,2.82,2.45,3.6,2.75,2.45,3.6,2.75
03/02/2021,Aston Villa,West Ham,1,3,A,0,0,D,A Madley,9,20,2,10,11,15,7,3,1,1,0,0,2.2,3.4,3.25,2.15,3.4,3.4,2.2,3.45,3.3,2.23,3.5,3.46,2.2,3.3,3.4,2.15,3.5,3.3
03/02/2021,Liverpool,Brighton,0,1,A,0,0,D,K Friend,11,13,1,4,12,6,6,3,1,0,0,0,1.33,5.25,9.0,1.34,5.5,8.0,1.33,5.25,9.0,1.37,5.5,8.87,1.36,5.0,8.5,1.36,5.0,9.0
04/02/2021,Tottenham,Chelsea,0,1,A,0,1,A,A Marriner,7,18,2,2,20,14,2,7,2,3,0,0,3.5,3.4,2.1,3.6,3.4,2.1,3.45,3.4,2.15,3.58,3.52,2.18,3.4,3.4,2.15,3.4,3.4,2.15
06/02/2021,Aston Villa,Arsenal,1,0,H,1,0,H,C Kavanagh,12,14,8,3,12,12,3,7,3,2,0,0,2.62,3.5,2.6,2.6,3.6,2.6,2.75,3.45,2.55,2.84,3.51,2.6,2.7,3.5,2.55,2.55,3.6,2.6
06/02/2021,Burnley,Brighton,1,1,D,0,1,A,A Taylor,20,10,7,2,8,10,8,7,2,0,0,0,3.6,3.1,2.2,3.5,3.2,2.2,3.6,3.1,2.2,3.74,3.21,2.26,3.6,3.2,2.2,3.6,3.13,2.2
06/02/2021,Newcastle,Southampton,3,2,H,3,1,H,C Pawson,6,14,4,5,11,14,0,7,2,1,1,0,3.0,3.3,2.4,3.0,3.2,2.45,2.95,3.25,2.45,3.06,3.32,2.54,2.88,3.3,2.5,2.9,3.3,2.5
06/02/2021,Fulham,West Ham,0,0,D,0,0,D,M Dean,20,8,2,1,11,10,7,3,1,2,0,1,3.6,3.5,2.05,3.6,3.4,2.1,3.55,3.45,2.1,3.66,3.56,2.13,3.5,3.5,2.1,3.6,3.4,2.1
06/02/2021,Man United,Everton,3,3,D,2,0,H,J Moss,14,6,5,3,14,10,5,1,2,1,0,0,1.53,4.2,6.0,1.53,4.2,6.25,1.57,4.3,5.75,1.57,4.35,6.22,1.55,4.2,6.0,1.55,4.2,6.0
07/02/2021,Tottenham,West Brom,2,0,H,0,0,D,S Attwell,13,4,6,1,16,12,8,0,1,2,0,0,1.45,4.5,7.0,1.48,4.33,7.0,1.45,4.6,7.0,1.47,4.58,7.81,1.44,4.4,7.5,1.44,4.5,7.5
07/02/2021,Wolves,Leicester,0,0,D,0,0,D,M Atkinson,13,13,1,3,11,15,8,2,1,3,0,0,3.5,3.4,2.1,3.4,3.4,2.15,3.5,3.3,2.15,3.63,3.49,2.17,3.4,3.3,2.2,3.6,3.25,2.15
07/02/2021,Liverpool,Man City,1,4,A,0,0,D,M Oliver,8,8,3,5,13,8,6,1,2,1,0,0,3.4,3.6,2.05,3.4,3.7,2.05,3.4,3.4,2.2,3.44,3.7,2.17,3.4,3.6,2.1,3.4,3.6,2.1
07/02/2021,Sheffield United,Chelsea,1,2,A,0,1,A,K Friend,8,9,3,3,8,8,1,8,1,0,0,0,7.0,4.5,1.45,7.25,4.1,1.5,7.0,4.4,1.47,7.64,4.46,1.49,7.0,4.2,1.5,7.5,4.33,1.45
08/02/2021,Leeds,Crystal Palace,2,0,H,1,0,H,A Marriner,17,8,7,3,7,8,5,3,0,2,0,0,1.8,3.8,4.2,1.85,3.8,4.1,1.85,3.8,3.95,1.88,3.93,4.24,1.85,3.8,4.0,1.85,3.8,4.1
13/02/2021,Leicester,Liverpool,3,1,H,0,0,D,A Taylor,11,15,6,4,9,6,2,12,1,2,0,0,3.5,3.4,2.1,3.6,3.5,2.05,3.4,3.45,2.15,3.5,3.53,2.2,3.4,3.4,2.15,3.5,3.5,2.1
13/02/2021,Crystal Palace,Burnley,0,3,A,0,2,A,M Oliver,13,16,3,4,15,14,7,4,0,0,0,0,2.37,3.1,3.2,2.3,3.2,3.3,2.4,3.05,3.2,2.54,3.18,3.19,2.4,3.1,3.2,2.38,3.1,3.25
13/02/2021,Man City,Tottenham,3,0,H,1,0,H,P Tierney,15,7,6,3,12,13,4,2,1,3,0,0,1.28,5.75,9.5,1.33,5.5,8.75,1.33,5.25,8.75,1.35,5.91,8.75,1.33,5.5,8.5,1.33,5.5,8.5
13/02/2021,Brighton,Aston Villa,0,0,D,0,0,D,D England,26,4,9,1,16,12,9,2,2,3,0,0,2.7,3.5,2.5,2.75,3.4,2.55,2.75,3.4,2.55,2.85,3.51,2.59,2.8,3.3,2.55,2.7,3.4,2.6
14/02/2021,Southampton,Wolves,1,2,A,1,0,H,G Scott,7,10,3,4,10,9,4,6,2,2,0,0,2.37,3.2,3.1,2.45,3.2,3.0,2.4,3.2,3.1,2.44,3.28,3.25,2.45,3.1,3.1,2.45,3.13,3.1
14/02/2021,West Brom,Man United,1,1,D,1,1,D,C Pawson,7,10,3,7,13,10,4,5,5,0,0,0,10.0,5.5,1.3,8.5,5.25,1.35,8.75,5.5,1.33,9.65,5.71,1.34,9.5,5.5,1.32,10.0,5.5,1.3
14/02/2021,Arsenal,Leeds,4,2,H,3,0,H,S Attwell,13,9,5,5,8,17,4,5,0,2,0,0,1.83,3.8,4.0,1.85,3.8,4.0,1.9,3.8,3.85,1.93,3.79,4.1,1.88,3.7,4.0,1.87,3.8,4.0
14/02/2021,Everton,Fulham,0,2,A,0,0,D,A Madley,7,12,2,3,7,16,5,4,1,1,0,0,1.85,3.6,4.2,1.9,3.5,4.2,1.95,3.5,4.0,1.96,3.61,4.24,1.91,3.5,4.2,1.91,3.5,4.2
15/02/2021,West Ham,Sheffield United,3,0,H,1,0,H,S Hooper,13,8,9,5,11,12,7,7,0,2,0,0,1.66,3.75,5.25,1.72,3.75,5.0,1.73,3.65,5.0,1.75,3.82,5.26,1.73,3.7,5.0,1.7,3.7,5.25
15/02/2021,Chelsea,Newcastle,2,0,H,2,0,H,P Bankes,18,10,5,4,9,13,10,5,0,0,0,0,1.22,6.5,12.0,1.22,6.75,12.0,1.25,6.25,13.0,1.26,6.85,11.46,1.25,6.0,12.0,1.29,5.5,11.5
17/02/2021,Burnley,Fulham,1,1,D,0,0,D,J Moss,8,8,3,3,7,13,5,5,1,1,0,0,2.75,3.2,2.7,2.7,3.2,2.7,2.8,3.1,2.7,2.87,3.19,2.77,2.7,3.2,2.7,2.75,3.1,2.75
17/02/2021,Everton,Man City,1,3,A,1,1,D,A Marriner,3,16,2,7,8,8,0,10,2,1,0,0,8.5,5.5,1.33,7.75,5.25,1.36,8.5,5.25,1.35,8.77,5.62,1.36,9.0,5.0,1.35,9.5,5.25,1.33
19/02/2021,Wolves,Leeds,1,0,H,0,0,D,D Coote,15,18,5,7,13,8,7,9,1,0,0,0,2.37,3.3,3.0,2.3,3.3,3.2,2.4,3.3,3.05,2.41,3.42,3.17,2.45,3.25,3.0,2.38,3.4,3.0
20/02/2021,Southampton,Chelsea,1,1,D,1,0,H,A Taylor,4,9,1,3,10,10,3,6,1,1,0,0,5.0,3.8,1.7,4.75,3.75,1.75,4.8,3.75,1.73,5.11,3.88,1.75,5.0,3.7,1.73,4.8,3.75,1.73
20/02/2021,Burnley,West Brom,0,0,D,0,0,D,M Dean,6,10,1,3,16,10,5,5,3,0,0,1,2.0,3.3,4.0,2.0,3.4,3.9,2.0,3.3,3.95,2.06,3.41,4.12,2.05,3.25,3.9,2.0,3.25,4.1
20/02/2021,Liverpool,Everton,0,2,A,0,1,A,C Kavanagh,15,9,6,6,10,10,7,2,2,1,0,0,1.44,4.5,7.0,1.48,4.4,7.0,1.5,4.6,6.25,1.5,4.64,6.94,1.47,4.5,7.0,1.44,4.6,7.0
20/02/2021,Fulham,Sheffield United,1,0,H,0,0,D,M Atkinson,15,4,7,2,11,14,6,4,1,2,0,0,2.15,3.2,3.6,2.2,3.2,3.5,2.2,3.15,3.6,2.23,3.24,3.77,2.25,3.1,3.6,2.15,3.2,3.7
21/02/2021,West Ham,Tottenham,2,1,H,1,0,H,C Pawson,4,20,4,4,14,7,5,7,4,3,0,0,2.62,3.4,2.7,2.5,3.4,2.8,2.65,3.3,2.7,2.73,3.38,2.78,2.62,3.3,2.7,2.63,3.3,2.75
21/02/2021,Aston Villa,Leicester,1,2,A,0,2,A,M Oliver,11,16,2,7,11,12,7,8,2,1,0,0,2.87,3.5,2.4,2.85,3.5,2.4,2.85,3.45,2.45,2.94,3.55,2.49,2.88,3.5,2.4,2.88,3.5,2.4
21/02/2021,Arsenal,Man City,0,1,A,0,1,A,J Moss,7,15,1,3,11,9,1,3,2,2,0,0,6.5,4.33,1.5,6.25,4.1,1.55,6.0,4.3,1.53,6.42,4.54,1.54,6.5,4.2,1.52,6.5,4.33,1.5
21/02/2021,Man United,Newcastle,3,1,H,1,1,D,P Tierney,15,10,7,6,9,11,6,4,1,2,0,0,1.28,5.5,10.0,1.28,5.75,11.0,1.3,5.75,9.5,1.31,5.85,10.95,1.29,5.5,11.0,1.25,5.75,12.0
22/02/2021,Brighton,Crystal Palace,1,2,A,0,1,A,K Friend,25,3,5,2,11,6,13,0,2,0,0,0,1.7,3.5,5.5,1.72,3.5,5.5,1.73,3.5,5.5,1.75,3.61,5.64,1.73,3.5,5.5,1.73,3.5,5.5
23/02/2021,Leeds,Southampton,3,0,H,0,0,D,A Marriner,11,13,7,5,11,13,2,4,1,2,0,0,2.25,3.5,3.1,2.3,3.4,3.1,2.35,3.45,3.0,2.4,3.52,3.12,2.3,3.4,3.1,2.3,3.6,3.0
27/02/2021,Man City,West Ham,2,1,H,1,1,D,M Oliver,10,9,3,3,8,11,4,2,1,1,0,0,1.22,6.5,12.0,1.22,6.75,12.0,1.25,6.25,12.0,1.24,6.76,13.19,1.22,6.5,13.0,1.22,6.5,12.0
27/02/2021,West Brom,Brighton,1,0,H,1,0,H,L Mason,6,15,2,6,11,12,7,4,0,0,0,0,4.2,3.3,1.95,4.1,3.5,1.91,4.1,3.4,1.95,4.22,3.53,1.99,4.2,3.4,1.95,4.2,3.4,1.93
27/02/2021,Leeds,Aston Villa,0,1,A,0,1,A,P Bankes,13,9,3,4,14,14,7,5,3,2,0,0,2.15,3.6,3.2,2.25,3.5,3.1,2.2,3.65,3.1,2.25,3.74,3.22,2.3,3.6,2.88,2.2,3.6,3.13
27/02/2021,Newcastle,Wolves,1,1,D,0,0,D,M Dean,19,14,7,4,11,13,3,5,2,0,0,0,3.5,3.2,2.2,3.5,3.1,2.25,3.45,3.1,2.3,3.56,3.16,2.36,3.5,3.1,2.25,3.5,3.1,2.25
28/02/2021,Crystal Palace,Fulham,0,0,D,0,0,D,A Taylor,3,16,0,4,10,14,1,3,1,1,0,0,3.5,3.2,2.2,3.4,3.2,2.25,3.45,3.15,2.25,3.62,3.24,2.29,3.4,3.1,2.25,3.5,3.1,2.25
28/02/2021,Leicester,Arsenal,1,3,A,1,2,A,P Tierney,8,12,3,4,15,3,2,7,2,1,0,0,2.5,3.4,2.8,2.45,3.4,2.85,2.55,3.3,2.85,2.61,3.38,2.92,2.5,3.25,2.9,2.5,3.3,2.9
28/02/2021,Tottenham,Burnley,4,0,H,3,0,H,K Friend,16,10,7,3,6,10,3,4,0,0,0,0,1.53,4.0,6.5,1.55,3.9,6.75,1.55,4.1,6.25,1.56,4.1,7.22,1.55,3.9,7.0,1.53,4.1,6.5
28/02/2021,Chelsea,Man United,0,0,D,0,0,D,S Attwell,18,11,6,4,11,12,3,4,1,2,0,0,2.15,3.4,3.4,2.2,3.3,3.4,2.25,3.25,3.3,2.3,3.34,3.47,2.25,3.3,3.3,2.25,3.3,3.25
28/02/2021,Sheffield United,Liverpool,0,2,A,0,0,D,J Moss,8,16,2,8,9,9,4,3,0,0,0,0,8.0,5.0,1.36,7.5,4.75,1.42,8.0,4.8,1.4,7.95,5.19,1.41,7.5,4.8,1.4,8.0,4.75,1.4
01/03/2021,Everton,Southampton,1,0,H,1,0,H,M Atkinson,7,9,1,1,13,9,4,10,0,2,0,0,2.15,3.5,3.3,2.15,3.5,3.3,2.2,3.45,3.35,2.21,3.58,3.44,2.2,3.4,3.3,2.15,3.4,3.4
02/03/2021,Man City,Wolves,4,1,H,1,0,H,C Kavanagh,22,6,10,1,9,5,10,2,0,1,0,0,1.18,7.0,15.0,1.22,6.25,14.0,1.25,6.0,14.0,1.23,6.38,16.42,1.22,6.0,15.0,1.22,6.5,15.0
03/03/2021,Burnley,Leicester,1,1,D,1,1,D,A Madley,12,15,7,4,6,12,5,8,0,2,0,0,4.0,3.25,2.0,4.1,3.25,2.0,3.85,3.3,2.05,4.1,3.29,2.11,3.9,3.3,2.05,4.0,3.4,2.0
03/03/2021,Sheffield United,Aston Villa,1,0,H,1,0,H,R Jones,9,16,2,4,13,6,2,7,1,0,1,0,3.75,3.4,2.05,3.8,3.5,2.0,3.75,3.35,2.05,3.77,3.58,2.09,3.75,3.4,2.05,3.9,3.3,2.05
03/03/2021,Crystal Palace,Man United,0,0,D,0,0,D,A Marriner,8,11,2,1,4,13,4,6,1,0,0,0,8.0,4.75,1.4,7.0,4.5,1.45,7.25,4.6,1.45,8.18,4.7,1.45,8.0,4.4,1.44,7.5,4.5,1.44
04/03/2021,Fulham,Tottenham,0,1,A,0,1,A,D Coote,11,9,3,2,13,9,4,1,2,1,0,0,4.0,3.6,1.9,3.9,3.5,1.95,3.9,3.5,1.95,4.02,3.66,2.0,4.0,3.5,1.95,4.1,3.4,1.95
04/03/2021,West Brom,Everton,0,1,A,0,0,D,D England,11,11,3,3,9,7,3,3,3,1,0,0,4.33,3.6,1.83,4.5,3.7,1.8,4.4,3.6,1.83,4.49,3.77,1.87,4.33,3.6,1.83,4.5,3.5,1.83
04/03/2021,Liverpool,Chelsea,0,1,A,0,1,A,M Atkinson,7,11,1,5,9,8,5,2,0,0,0,0,2.25,3.6,3.0,2.2,3.6,3.1,2.25,3.55,3.1,2.28,3.69,3.2,2.25,3.5,3.1,2.25,3.5,3.13
06/03/2021,Burnley,Arsenal,1,1,D,1,1,D,A Marriner,9,15,5,3,5,12,2,4,1,1,0,0,5.5,4.0,1.61,5.25,3.9,1.65,5.25,3.9,1.65,5.73,4.02,1.66,5.5,3.8,1.65,5.75,3.8,1.65
06/03/2021,Sheffield United,Southampton,0,2,A,0,1,A,P Tierney,8,15,2,5,17,11,7,3,4,3,0,0,3.6,3.5,2.0,3.6,3.5,2.05,3.6,3.25,2.15,3.77,3.43,2.14,3.7,3.3,2.1,3.75,3.25,2.1
06/03/2021,Aston Villa,Wolves,0,0,D,0,0,D,A Madley,9,10,1,2,13,13,5,3,1,0,0,0,2.37,3.25,3.1,2.35,3.25,3.2,2.45,3.1,3.1,2.48,3.18,3.28,2.35,3.2,3.2,2.38,3.2,3.13
06/03/2021,Brighton,Leicester,1,2,A,1,0,H,M Oliver,7,8,2,4,14,8,6,6,0,1,0,0,2.55,3.25,2.8,2.6,3.2,2.8,2.6,3.2,2.85,2.54,3.37,3.02,2.55,3.2,2.9,2.55,3.2,2.9
07/03/2021,West Brom,Newcastle,0,0,D,0,0,D,M Atkinson,13,9,3,5,11,10,9,7,0,0,0,0,2.37,3.2,3.1,2.45,3.2,3.0,2.45,3.15,3.05,2.47,3.29,3.19,2.4,3.2,3.1,2.4,3.13,3.2
07/03/2021,Liverpool,Fulham,0,1,A,0,1,A,K Friend,16,10,3,3,10,8,9,4,2,3,0,0,1.36,5.0,8.5,1.4,4.75,7.75,1.37,5.25,7.75,1.42,4.92,8.54,1.36,4.75,9.5,1.36,5.0,8.5
07/03/2021,Man City,Man United,0,2,A,0,1,A,A Taylor,23,8,6,6,9,12,6,2,0,3,0,0,1.45,4.5,7.0,1.5,4.2,6.75,1.5,4.4,6.5,1.52,4.45,6.97,1.47,4.2,7.5,1.5,4.33,7.0
07/03/2021,Tottenham,Crystal Palace,4,1,H,1,1,D,S Attwell,12,5,5,1,8,17,1,5,2,3,0,0,1.45,4.5,7.0,1.45,4.6,7.0,1.5,4.4,6.75,1.5,4.53,7.36,1.47,4.33,7.0,1.45,4.4,7.5
08/03/2021,Chelsea,Everton,2,0,H,1,0,H,D Coote,19,7,9,1,11,12,7,3,0,3,0,0,1.53,4.0,6.5,1.57,4.0,6.0,1.53,4.1,6.5,1.55,4.33,6.72,1.53,4.2,6.5,1.55,4.0,6.5
08/03/2021,West Ham,Leeds,2,0,H,2,0,H,M Dean,16,17,5,2,9,9,6,6,1,1,0,0,2.05,3.6,3.5,2.1,3.5,3.5,2.1,3.55,3.4,2.14,3.67,3.55,2.1,3.5,3.5,2.05,3.6,3.5
10/03/2021,Man City,Southampton,5,2,H,3,1,H,J Moss,17,11,10,6,6,4,5,5,1,0,0,0,1.18,7.5,15.0,1.22,6.75,11.5,1.22,6.75,14.0,1.22,7.28,14.8,1.2,6.5,15.0,1.17,7.5,17.0
12/03/2021,Newcastle,Aston Villa,1,1,D,0,0,D,P Tierney,12,15,3,6,10,10,2,2,2,3,0,0,3.8,3.3,2.05,3.9,3.4,2.0,3.6,3.35,2.1,3.86,3.38,2.14,3.9,3.3,2.0,3.9,3.25,2.1
13/03/2021,Leeds,Chelsea,0,0,D,0,0,D,K Friend,7,15,4,8,16,6,8,5,3,0,0,0,4.75,4.0,1.7,4.5,3.9,1.75,4.4,3.85,1.77,4.69,3.99,1.78,4.6,3.8,1.75,4.8,3.9,1.73
13/03/2021,Crystal Palace,West Brom,1,0,H,1,0,H,S Hooper,6,12,4,1,16,15,3,2,3,1,0,0,2.15,3.2,3.6,2.15,3.25,3.6,2.25,3.1,3.5,2.31,3.19,3.63,2.2,3.1,3.7,2.25,3.13,3.5
13/03/2021,Everton,Burnley,1,2,A,1,2,A,J Moss,14,14,4,5,9,6,7,4,0,4,0,0,1.83,3.5,4.5,1.83,3.5,4.5,1.9,3.45,4.4,1.93,3.52,4.54,1.85,3.5,4.5,1.85,3.5,4.5
13/03/2021,Fulham,Man City,0,3,A,0,0,D,A Marriner,3,8,0,7,14,13,4,2,0,0,0,0,10.0,5.0,1.33,10.0,5.0,1.33,8.5,4.9,1.37,10.46,5.04,1.37,10.0,4.8,1.35,10.0,5.0,1.33
14/03/2021,Southampton,Brighton,1,2,A,1,1,D,S Attwell,9,8,4,6,11,10,4,5,0,0,0,0,2.9,3.1,2.5,3.0,3.1,2.55,2.95,3.05,2.6,3.03,3.14,2.68,3.0,3.1,2.55,2.9,3.1,2.6
14/03/2021,Leicester,Sheffield United,5,0,H,1,0,H,P Bankes,19,1,10,0,10,9,9,1,0,2,0,0,1.5,4.2,6.5,1.48,4.25,7.0,1.53,4.0,6.5,1.56,4.16,6.87,1.52,4.0,7.0,1.53,4.0,7.0
14/03/2021,Arsenal,Tottenham,2,1,H,1,1,D,M Oliver,13,6,3,3,12,14,6,3,1,2,0,1,2.55,3.4,2.75,2.55,3.4,2.75,2.55,3.3,2.8,2.65,3.38,2.87,2.55,3.3,2.8,2.55,3.3,2.8
14/03/2021,Man United,West Ham,1,0,H,0,0,D,M Atkinson,15,7,4,0,12,2,6,3,4,0,0,0,1.83,3.6,4.33,1.85,3.6,4.33,1.85,3.55,4.3,1.88,3.63,4.59,1.85,3.5,4.5,1.83,3.6,4.5
15/03/2021,Wolves,Liverpool,0,1,A,0,1,A,C Pawson,10,12,5,4,17,10,3,2,2,1,0,0,4.75,3.75,1.72,4.75,3.7,1.75,4.7,3.7,1.75,4.93,3.86,1.78,4.8,3.7,1.75,5.0,3.6,1.75
19/03/2021,Fulham,Leeds,1,2,A,1,1,D,D Coote,13,13,6,4,13,12,13,7,2,2,0,0,2.37,3.4,3.0,2.4,3.4,2.95,2.45,3.25,3.0,2.48,3.42,3.07,2.4,3.3,3.0,2.4,3.3,3.1
20/03/2021,Brighton,Newcastle,3,0,H,1,0,H,A Taylor,11,3,6,1,12,5,3,1,0,1,0,0,1.66,3.5,6.0,1.65,3.5,6.5,1.65,3.6,6.0,1.67,3.61,6.73,1.67,3.5,6.0,1.65,3.6,6.0
21/03/2021,West Ham,Arsenal,3,3,D,3,1,H,J Moss,15,16,5,7,18,8,3,5,3,1,0,0,2.8,3.5,2.45,2.75,3.6,2.45,2.8,3.4,2.5,2.9,3.49,2.56,2.8,3.5,2.45,2.88,3.3,2.5
21/03/2021,Aston Villa,Tottenham,0,2,A,0,1,A,M Dean,8,9,1,3,18,13,5,8,3,2,0,0,2.9,3.3,2.45,2.9,3.4,2.45,2.95,3.35,2.4,3.03,3.46,2.48,3.0,3.4,2.38,2.9,3.4,2.4
03/04/2021,Chelsea,West Brom,2,5,A,1,2,A,D Coote,18,14,8,7,11,6,10,3,1,1,1,0,1.22,6.0,15.0,1.2,6.75,15.0,1.2,6.5,15.0,1.22,6.5,16.63,1.2,6.5,15.0,1.22,6.0,17.0
03/04/2021,Leeds,Sheffield United,2,1,H,1,1,D,G Scott,23,9,8,1,12,13,5,7,1,2,0,0,1.5,4.33,6.5,1.53,4.4,5.75,1.47,4.4,7.0,1.53,4.56,6.51,1.52,4.2,6.5,1.5,4.2,7.0
03/04/2021,Leicester,Man City,0,2,A,0,0,D,A Taylor,5,11,2,4,13,12,1,1,2,3,0,0,6.0,4.2,1.53,6.25,4.1,1.55,6.75,3.85,1.57,6.24,4.12,1.61,6.5,4.0,1.55,6.0,4.0,1.57
03/04/2021,Arsenal,Liverpool,0,3,A,0,0,D,S Attwell,3,16,2,7,10,10,1,2,1,1,0,0,3.1,3.7,2.15,3.1,3.6,2.2,3.1,3.5,2.25,3.18,3.66,2.3,3.1,3.5,2.25,3.13,3.5,2.25
04/04/2021,Southampton,Burnley,3,2,H,2,2,D,A Marriner,24,7,9,5,11,10,6,7,0,0,0,0,2.05,3.3,3.8,2.05,3.4,3.75,2.1,3.25,3.8,2.11,3.36,3.97,2.1,3.2,3.8,2.05,3.3,3.9
04/04/2021,Newcastle,Tottenham,2,2,D,1,2,A,C Pawson,22,11,6,5,13,14,7,3,3,2,0,0,5.5,4.0,1.6,5.5,4.1,1.6,5.5,3.95,1.63,5.66,4.17,1.65,5.8,3.9,1.62,5.75,3.9,1.62
04/04/2021,Aston Villa,Fulham,3,1,H,0,0,D,A Madley,14,15,4,7,14,20,4,4,1,2,0,0,2.25,3.3,3.3,2.25,3.3,3.3,2.3,3.25,3.3,2.32,3.36,3.4,2.3,3.25,3.3,2.25,3.2,3.4
04/04/2021,Man United,Brighton,2,1,H,0,1,A,M Dean,15,5,7,3,14,7,5,6,2,2,0,0,1.61,4.0,5.5,1.62,4.0,5.5,1.65,3.9,5.25,1.67,4.04,5.59,1.65,3.9,5.25,1.65,3.8,5.5
05/04/2021,Everton,Crystal Palace,1,1,D,0,0,D,K Friend,15,13,7,6,10,10,3,4,2,0,0,0,1.75,3.5,5.0,1.83,3.4,4.75,1.8,3.45,4.9,1.84,3.54,5.07,1.8,3.4,5.0,1.8,3.4,5.0
05/04/2021,Wolves,West Ham,2,3,A,1,3,A,M Oliver,20,9,5,6,9,9,4,2,1,4,0,0,2.87,3.2,2.55,2.95,3.2,2.5,2.95,3.1,2.6,2.99,3.21,2.66,3.0,3.1,2.55,3.0,3.0,2.6
09/04/2021,Fulham,Wolves,0,1,A,0,0,D,J Moss,14,7,3,3,11,8,3,4,0,0,0,0,2.5,3.0,3.1,2.55,3.0,3.1,2.55,3.0,3.1,2.6,3.07,3.22,2.5,3.1,3.1,2.55,3.0,3.2
10/04/2021,Man City,Leeds,1,2,A,0,1,A,A Marriner,29,2,7,2,12,15,9,3,3,1,0,1,1.28,5.75,10.0,1.28,6.0,10.0,1.33,6.0,8.0,1.31,5.97,10.38,1.27,6.5,9.0,1.3,5.75,10.5
10/04/2021,Liverpool,Aston Villa,2,1,H,0,1,A,P Tierney,23,9,10,5,16,11,7,0,2,4,0,0,1.5,4.33,6.5,1.53,4.33,6.0,1.53,4.5,6.0,1.53,4.6,6.49,1.5,4.4,6.5,1.5,4.33,6.5
10/04/2021,Crystal Palace,Chelsea,1,4,A,0,3,A,M Oliver,1,23,1,10,7,12,0,8,1,0,0,0,7.0,3.8,1.53,7.25,3.75,1.55,6.75,4.0,1.53,7.31,4.12,1.55,6.5,4.2,1.52,7.0,3.9,1.53
11/04/2021,Burnley,Newcastle,1,2,A,1,0,H,A Taylor,24,10,4,5,11,12,13,3,1,0,0,0,2.3,3.1,3.4,2.3,3.1,3.4,2.35,3.1,3.35,2.41,3.18,3.43,2.35,3.1,3.3,2.3,3.1,3.4
11/04/2021,West Ham,Leicester,3,2,H,2,0,H,M Dean,4,15,4,5,7,13,1,9,3,3,0,0,3.0,3.3,2.37,3.0,3.3,2.4,3.0,3.35,2.4,3.11,3.47,2.42,3.0,3.3,2.45,3.0,3.3,2.45
11/04/2021,Tottenham,Man United,1,3,A,1,0,H,C Kavanagh,12,12,3,7,11,15,7,5,1,5,0,0,2.87,3.4,2.45,2.9,3.4,2.45,2.85,3.4,2.5,2.9,3.49,2.56,2.88,3.4,2.45,2.88,3.4,2.45
11/04/2021,Sheffield United,Arsenal,0,3,A,0,1,A,P Bankes,7,14,2,5,9,6,2,4,1,1,0,0,6.5,3.75,1.57,6.0,4.0,1.57,6.25,4.1,1.55,6.16,4.03,1.63,6.5,3.8,1.57,6.5,3.9,1.57
12/04/2021,West Brom,Southampton,3,0,H,2,0,H,S Hooper,15,14,6,4,12,11,5,10,0,1,0,0,3.6,3.3,2.1,3.6,3.1,2.2,3.5,3.25,2.2,3.69,3.34,2.21,3.5,3.2,2.2,3.4,3.3,2.2
12/04/2021,Brighton,Everton,0,0,D,0,0,D,D England,23,8,3,1,12,7,10,3,1,2,0,0,2.25,3.3,3.3,2.25,3.3,3.3,2.3,3.2,3.3,2.33,3.29,3.45,2.3,3.2,3.3,2.3,3.2,3.3
16/04/2021,Everton,Tottenham,2,2,D,1,1,D,M Oliver,18,12,7,3,8,8,6,3,1,1,0,0,3.4,3.5,2.1,3.4,3.4,2.15,3.35,3.45,2.15,3.46,3.56,2.21,3.4,3.3,2.2,3.5,3.5,2.15
17/04/2021,Newcastle,West Ham,3,2,H,2,0,H,K Friend,16,16,8,6,9,7,3,8,2,0,0,1,3.5,3.5,2.05,3.6,3.5,2.05,3.6,3.4,2.1,3.73,3.47,2.14,3.75,3.5,2.0,3.6,3.4,2.1
17/04/2021,Wolves,Sheffield United,1,0,H,0,0,D,R Jones,10,8,5,2,8,15,3,3,1,2,0,0,1.66,3.5,5.75,1.67,3.6,5.75,1.67,3.6,5.75,1.72,3.6,5.99,1.67,3.6,5.8,1.67,3.5,6.0
18/04/2021,Arsenal,Fulham,1,1,D,0,0,D,C Pawson,18,3,5,1,9,11,11,1,0,3,0,0,1.7,3.8,4.8,1.72,3.7,5.0,1.75,3.65,4.8,1.79,3.75,5.03,1.75,3.6,5.0,1.73,3.6,5.25
18/04/2021,Man United,Burnley,3,1,H,0,0,D,J Moss,17,10,9,3,9,12,8,3,1,2,0,0,1.33,5.25,9.0,1.34,5.0,9.5,1.37,4.9,8.25,1.38,5.09,9.52,1.35,4.8,9.5,1.33,5.0,10.0
19/04/2021,Leeds,Liverpool,1,1,D,0,1,A,A Taylor,12,17,5,7,17,15,10,8,2,1,0,0,4.5,4.33,1.66,4.5,4.33,1.67,4.7,4.2,1.67,4.85,4.36,1.7,4.75,4.2,1.67,4.8,4.2,1.65
20/04/2021,Chelsea,Brighton,0,0,D,0,0,D,S Attwell,7,11,4,2,8,9,0,3,2,0,0,1,1.57,4.0,6.0,1.57,3.9,6.5,1.6,3.8,6.0,1.63,3.85,6.66,1.57,3.8,6.5,1.6,3.8,6.5
21/04/2021,Tottenham,Southampton,2,1,H,0,1,A,D Coote,12,10,3,5,10,14,5,5,2,1,0,0,1.75,3.8,4.5,1.8,3.8,4.33,1.8,3.8,4.3,1.83,3.86,4.56,1.8,3.7,4.5,1.8,3.75,4.4
21/04/2021,Aston Villa,Man City,1,2,A,1,2,A,P Bankes,8,13,3,3,12,7,1,11,0,1,1,1,9.0,4.75,1.36,8.0,4.75,1.4,8.25,5.0,1.37,8.85,5.02,1.4,9.0,4.8,1.36,9.0,5.0,1.36
22/04/2021,Leicester,West Brom,3,0,H,3,0,H,A Madley,17,4,7,1,13,12,7,3,0,2,0,0,1.53,3.8,6.0,1.55,4.2,6.0,1.6,4.0,5.75,1.6,4.17,6.22,1.57,4.0,6.0,1.57,4.0,6.0
23/04/2021,Arsenal,Everton,0,1,A,0,0,D,J Moss,14,8,3,1,13,10,7,3,1,3,0,0,2.0,3.5,3.75,2.05,3.5,3.6,2.0,3.45,3.85,2.08,3.52,3.88,2.05,3.4,3.75,2.05,3.4,3.8
24/04/2021,Liverpool,Newcastle,1,1,D,1,0,H,A Marriner,22,7,9,4,9,7,6,3,2,1,0,0,1.22,6.5,12.0,1.25,6.25,11.5,1.25,6.5,12.0,1.26,6.53,12.17,1.24,6.0,13.0,1.25,6.0,13.0
24/04/2021,West Ham,Chelsea,0,1,A,0,1,A,C Kavanagh,9,17,2,6,9,11,4,2,0,4,1,0,4.75,3.6,1.75,4.75,3.8,1.75,4.7,3.75,1.75,4.91,3.88,1.78,4.75,3.6,1.78,5.0,3.6,1.75
24/04/2021,Sheffield United,Brighton,1,0,H,1,0,H,K Friend,7,17,3,4,13,7,2,12,3,0,0,0,5.25,3.4,1.75,5.25,3.6,1.72,5.5,3.6,1.7,5.54,3.67,1.75,5.5,3.4,1.73,5.5,3.5,1.73
25/04/2021,Wolves,Burnley,0,4,A,0,3,A,D England,12,14,2,7,8,9,8,5,1,2,0,0,2.0,3.4,3.9,2.0,3.4,3.9,2.1,3.25,3.85,2.12,3.32,3.99,2.05,3.3,3.8,2.05,3.2,4.0
25/04/2021,Leeds,Man United,0,0,D,0,0,D,C Pawson,6,16,3,4,21,11,2,6,4,1,0,0,4.0,4.2,1.75,4.1,4.0,1.8,4.0,4.1,1.8,4.17,4.2,1.83,4.0,4.0,1.8,4.1,3.9,1.8
25/04/2021,Aston Villa,West Brom,2,2,D,1,1,D,S Attwell,24,10,11,4,14,9,11,4,0,2,0,0,1.85,3.6,4.2,1.87,3.6,4.2,1.85,3.65,4.2,1.9,3.8,4.28,1.88,3.6,4.2,1.83,3.6,4.4
26/04/2021,Leicester,Crystal Palace,2,1,H,0,1,A,G Scott,13,4,5,2,13,12,7,2,0,1,0,0,1.4,4.33,8.5,1.45,4.4,7.5,1.47,4.3,7.0,1.48,4.36,8.24,1.47,4.2,8.0,1.45,4.2,8.0
30/04/2021,Southampton,Leicester,1,1,D,0,0,D,R Jones,5,23,3,9,9,13,0,10,1,0,1,0,3.8,3.8,1.9,3.8,3.75,1.91,3.85,3.7,1.9,3.87,3.92,1.96,3.6,3.7,2.0,4.0,3.6,1.95
01/05/2021,Crystal Palace,Man City,0,2,A,0,0,D,D Coote,9,20,4,3,9,10,2,6,2,0,0,0,10.0,5.0,1.33,10.0,5.0,1.33,9.5,5.25,1.33,10.77,5.18,1.35,11.0,5.0,1.32,11.0,5.25,1.3
01/05/2021,Brighton,Leeds,2,0,H,1,0,H,C Kavanagh,17,11,5,2,17,6,2,9,1,1,0,0,2.05,3.5,3.5,2.15,3.4,3.4,2.1,3.45,3.5,2.19,3.52,3.54,2.15,3.4,3.4,2.1,3.4,3.5
01/05/2021,Chelsea,Fulham,2,0,H,1,0,H,K Friend,9,10,5,3,15,8,1,8,1,1,0,0,1.44,4.4,7.5,1.45,4.25,8.0,1.5,4.2,7.0,1.49,4.36,8.0,1.47,4.2,7.5,1.45,4.2,8.0
01/05/2021,Everton,Aston Villa,1,2,A,1,1,D,S Hooper,16,13,3,5,10,13,3,6,0,2,0,0,1.95,3.6,3.8,2.0,3.7,3.6,1.9,3.5,4.2,2.07,3.7,3.72,2.05,3.5,3.7,2.0,3.5,3.8
02/05/2021,Newcastle,Arsenal,0,2,A,0,1,A,M Dean,5,19,1,5,10,9,3,7,2,1,1,0,3.6,3.6,2.0,3.7,3.6,2.0,3.5,3.6,2.05,3.75,3.58,2.1,3.7,3.6,2.0,3.6,3.6,2.0
02/05/2021,Tottenham,Sheffield United,4,0,H,1,0,H,A Marriner,20,8,11,1,8,9,6,6,1,1,0,0,1.25,6.0,12.0,1.3,5.5,10.0,1.27,5.5,13.0,1.29,6.11,11.87,1.29,5.5,11.0,1.29,5.5,12.0
03/05/2021,West Brom,Wolves,1,1,D,0,1,A,P Tierney,10,20,4,10,17,11,5,6,2,0,0,0,2.9,3.2,2.5,2.9,3.1,2.6,2.9,3.25,2.55,2.97,3.25,2.65,3.0,3.1,2.55,2.9,3.2,2.55
03/05/2021,Burnley,West Ham,1,2,A,1,2,A,A Taylor,8,22,3,4,4,8,5,4,2,1,0,0,3.1,3.6,2.2,3.2,3.5,2.2,3.15,3.45,2.25,3.21,3.54,2.33,3.2,3.4,2.25,3.2,3.4,2.25
07/05/2021,Leicester,Newcastle,2,4,A,0,2,A,D England,25,14,9,6,12,9,9,6,1,1,0,0,1.4,4.75,8.0,1.4,4.75,8.0,1.4,4.7,8.0,1.44,4.92,7.87,1.42,4.5,8.0,1.4,4.8,8.5
08/05/2021,Leeds,Tottenham,3,1,H,2,1,H,M Oliver,16,11,7,3,12,10,8,6,1,2,0,0,3.4,3.8,2.0,3.5,3.75,2.0,3.4,3.8,2.05,3.56,3.9,2.06,3.4,3.7,2.05,3.5,3.75,2.05
08/05/2021,Sheffield United,Crystal Palace,0,2,A,0,1,A,S Hooper,7,21,0,8,11,8,5,11,1,1,0,0,3.0,3.2,2.45,2.85,3.25,2.55,2.95,3.2,2.5,3.02,3.32,2.53,3.0,3.25,2.45,2.9,3.13,2.6
08/05/2021,Man City,Chelsea,1,2,A,1,0,H,A Taylor,16,12,4,5,12,10,6,2,2,0,0,0,1.9,3.4,4.2,1.91,3.4,4.25,1.95,3.4,4.2,1.94,3.55,4.38,1.95,3.4,4.2,1.91,3.3,4.4
08/05/2021,Liverpool,Southampton,2,0,H,1,0,H,K Friend,14,12,6,6,10,6,8,4,0,1,0,0,1.25,6.0,11.0,1.28,6.0,10.0,1.3,6.0,9.5,1.29,6.19,10.41,1.29,5.5,11.0,1.25,6.0,12.0
09/05/2021,Wolves,Brighton,2,1,H,0,1,A,J Moss,16,5,6,3,12,7,10,5,2,2,0,2,3.3,3.3,2.2,3.25,3.25,2.3,3.35,3.25,2.25,3.41,3.46,2.27,3.4,3.25,2.25,3.5,3.13,2.25
09/05/2021,Aston Villa,Man United,1,3,A,1,0,H,C Kavanagh,11,18,5,7,13,18,5,6,1,1,1,0,4.2,3.8,1.8,4.5,3.9,1.75,4.2,3.8,1.8,4.45,3.86,1.85,4.6,3.8,1.75,4.6,3.8,1.75
09/05/2021,West Ham,Everton,0,1,A,0,1,A,S Attwell,11,9,0,3,8,10,5,6,2,1,0,0,2.2,3.5,3.2,2.3,3.4,3.1,2.25,3.4,3.25,2.28,3.51,3.35,2.25,3.4,3.2,2.25,3.4,3.25
09/05/2021,Arsenal,West Brom,3,1,H,2,0,H,P Bankes,15,12,7,1,7,9,6,6,1,2,0,0,1.44,4.5,7.0,1.45,4.6,7.0,1.47,4.5,6.5,1.47,4.7,7.6,1.47,4.33,7.0,1.45,4.4,7.5
10/05/2021,Fulham,Burnley,0,2,A,0,2,A,D Coote,21,14,3,5,11,10,8,4,2,0,0,0,2.2,3.4,3.3,2.25,3.3,3.3,2.2,3.4,3.35,2.22,3.56,3.44,2.2,3.3,3.4,2.25,3.25,3.4
11/05/2021,Man United,Leicester,1,2,A,1,1,D,C Pawson,4,12,1,3,9,12,3,4,0,0,0,0,2.5,3.4,2.8,2.5,3.3,2.85,2.5,3.3,2.85,2.59,3.42,2.92,2.45,3.25,3.0,2.5,3.4,2.9
11/05/2021,Southampton,Crystal Palace,3,1,H,1,1,D,A Madley,13,11,6,4,20,13,12,8,2,3,0,0,2.05,3.6,3.5,2.1,3.5,3.5,2.15,3.35,3.5,2.11,3.65,3.63,2.1,3.4,3.5,2.05,3.5,3.75
12/05/2021,Chelsea,Arsenal,0,1,A,0,1,A,A Marriner,19,5,5,2,7,6,9,1,0,1,0,0,1.65,4.0,5.0,1.7,3.8,5.0,1.73,3.75,4.9,1.75,3.88,5.17,1.73,3.7,5.0,1.7,3.7,5.25
13/05/2021,Aston Villa,Everton,0,0,D,0,0,D,M Atkinson,13,15,2,5,9,12,9,1,2,0,0,0,2.7,3.4,2.6,2.65,3.4,2.65,2.8,3.35,2.55,2.82,3.5,2.62,2.62,3.3,2.62,2.7,3.4,2.6
13/05/2021,Man United,Liverpool,2,4,A,1,2,A,A Taylor,18,17,3,8,10,12,6,4,3,0,0,0,3.0,3.75,2.2,3.1,3.75,2.15,3.1,3.7,2.2,3.12,3.78,2.17,3.2,3.6,2.15,3.2,3.6,2.2
14/05/2021,Newcastle,Man City,3,4,A,2,2,D,K Friend,11,15,5,6,11,10,4,5,2,2,0,0,11.0,6.0,1.25,10.5,5.75,1.28,9.0,5.5,1.33,11.02,5.79,1.29,11.0,5.5,1.29,11.0,5.75,1.29
15/05/2021,Burnley,Leeds,0,4,A,0,1,A,G Scott,16,16,4,6,10,10,6,8,1,1,0,0,3.2,3.75,2.1,3.1,3.5,2.25,3.1,3.6,2.2,3.2,3.72,2.23,3.1,3.5,2.2,3.2,3.6,2.2
15/05/2021,Southampton,Fulham,3,1,H,1,0,H,C Pawson,11,10,7,3,9,15,6,5,0,1,0,0,2.0,3.6,3.6,2.0,3.6,3.7,2.0,3.55,3.75,2.02,3.61,3.78,2.0,3.5,3.75,2.0,3.4,3.9
15/05/2021,Brighton,West Ham,1,1,D,0,0,D,A Marriner,10,15,2,3,7,5,3,3,1,1,0,0,2.9,3.6,2.3,2.85,3.6,2.35,2.95,3.4,2.4,3.01,3.57,2.4,2.9,3.3,2.4,3.1,3.25,2.38
16/05/2021,Crystal Palace,Aston Villa,3,2,H,1,2,A,D Coote,23,19,8,5,23,13,7,7,3,2,0,0,3.0,3.6,2.25,3.0,3.5,2.3,3.05,3.5,2.3,3.14,3.58,2.32,3.0,3.4,2.3,3.1,3.3,2.38
16/05/2021,Tottenham,Wolves,2,0,H,1,0,H,M Atkinson,24,15,13,3,8,11,10,3,1,0,0,0,1.5,4.33,6.5,1.5,4.4,6.5,1.55,4.2,6.0,1.56,4.29,6.38,1.52,4.2,6.0,1.53,4.1,6.5
16/05/2021,West Brom,Liverpool,1,2,A,1,1,D,M Dean,10,26,3,6,7,14,9,13,0,0,0,0,12.0,6.5,1.22,12.0,7.0,1.22,15.0,6.5,1.2,11.65,6.78,1.24,12.0,6.5,1.22,13.0,7.0,1.2
16/05/2021,Everton,Sheffield United,0,1,A,0,1,A,A Moss,16,10,6,3,8,12,11,4,1,3,0,0,1.36,4.75,8.5,1.4,4.6,8.5,1.4,4.7,8.0,1.4,4.9,8.69,1.4,4.4,8.5,1.4,4.6,9.0
18/05/2021,Man United,Fulham,1,1,D,1,0,H,L Mason,13,8,6,5,10,15,6,1,2,3,0,0,1.28,6.0,9.0,1.3,5.75,9.0,1.33,5.5,8.25,1.32,5.81,9.28,1.3,5.5,9.0,1.3,5.75,9.5
18/05/2021,Southampton,Leeds,0,2,A,0,0,D,P Bankes,18,15,3,7,10,12,4,5,0,3,0,0,2.55,3.9,2.5,2.7,3.75,2.4,2.55,3.75,2.55,2.6,3.84,2.61,2.62,3.6,2.5,2.63,3.75,2.55
18/05/2021,Brighton,Man City,3,2,H,0,1,A,S Attwell,19,8,6,4,13,11,5,3,3,3,0,1,7.0,4.5,1.45,6.75,4.4,1.48,6.5,4.4,1.5,6.89,4.53,1.49,7.0,4.2,1.47,7.5,4.5,1.45
18/05/2021,Chelsea,Leicester,2,1,H,0,0,D,M Dean,17,7,6,3,15,16,6,5,2,4,0,0,1.7,3.75,5.0,1.7,3.7,5.25,1.7,3.65,5.25,1.74,3.74,5.36,1.7,3.6,5.25,1.7,3.7,5.5
19/05/2021,Everton,Wolves,1,0,H,0,0,D,A Madley,14,9,4,3,11,11,7,12,0,2,0,0,1.85,3.6,4.2,1.9,3.7,4.0,1.9,3.55,4.2,1.9,3.68,4.3,1.88,3.4,4.2,1.85,3.5,4.5
19/05/2021,Newcastle,Sheffield United,1,0,H,1,0,H,R Jones,16,11,5,1,7,7,5,2,0,2,0,0,1.72,3.8,4.75,1.75,3.8,4.75,1.73,3.85,4.6,1.75,3.87,4.82,1.73,3.7,4.75,1.73,3.8,4.8
19/05/2021,Tottenham,Aston Villa,1,2,A,1,2,A,C Pawson,10,20,4,4,14,13,4,5,1,1,0,0,1.5,4.5,6.0,1.53,4.5,5.75,1.53,4.7,5.5,1.54,4.77,5.92,1.5,4.4,6.0,1.5,4.6,6.0
19/05/2021,Crystal Palace,Arsenal,1,3,A,0,1,A,A Taylor,12,6,6,3,7,7,6,7,2,1,0,0,6.0,4.5,1.5,5.75,4.4,1.55,5.75,4.4,1.55,6.16,4.49,1.55,6.5,4.2,1.5,6.5,4.33,1.5
19/05/2021,Burnley,Liverpool,0,3,A,0,1,A,C Kavanagh,10,20,4,3,10,7,6,7,0,0,0,0,11.0,7.0,1.22,10.5,6.5,1.25,11.0,7.0,1.22,11.1,6.61,1.26,11.0,6.0,1.24,11.5,7.0,1.22
19/05/2021,West Brom,West Ham,1,3,A,1,1,D,M Oliver,14,21,4,9,8,11,6,8,2,2,0,0,5.0,4.33,1.6,5.25,4.2,1.62,5.25,4.3,1.6,5.35,4.29,1.63,5.25,4.2,1.6,5.5,4.2,1.6
23/05/2021,Arsenal,Brighton,2,0,H,0,0,D,J Moss,16,5,5,1,10,8,11,3,0,0,0,0,1.57,4.33,5.25,1.62,4.1,5.25,1.6,4.3,5.25,1.63,4.46,5.34,1.62,4.2,5.25,1.62,4.1,5.5
23/05/2021,Aston Villa,Chelsea,2,1,H,1,0,H,S Attwell,6,23,3,7,11,12,2,9,3,3,0,1,6.5,4.6,1.45,6.5,4.5,1.48,6.75,4.6,1.45,6.75,4.63,1.51,7.0,4.4,1.47,7.0,4.6,1.45
23/05/2021,Fulham,Newcastle,0,2,A,0,1,A,C Kavanagh,14,10,0,4,12,6,5,4,1,0,0,0,2.05,3.8,3.3,2.1,3.8,3.2,2.05,3.8,3.3,2.08,3.94,3.41,2.15,3.6,3.25,2.1,3.7,3.3
23/05/2021,Leeds,West Brom,3,1,H,2,0,H,D Coote,17,14,9,5,12,12,8,3,2,1,0,0,1.4,5.25,6.5,1.45,5.0,6.25,1.45,5.25,6.25,1.45,5.24,6.54,1.42,5.0,7.0,1.4,5.0,7.0
23/05/2021,Leicester,Tottenham,2,4,A,1,1,D,A Taylor,10,11,6,4,9,8,8,7,0,2,0,0,2.0,4.0,3.3,2.0,3.9,3.4,2.05,3.85,3.3,2.06,4.19,3.35,2.05,3.9,3.3,2.0,3.75,3.5
23/05/2021,Liverpool,Crystal Palace,2,0,H,1,0,H,C Pawson,19,5,5,4,10,8,14,1,2,2,0,0,1.14,8.5,15.0,1.16,8.0,16.5,1.15,8.25,16.0,1.16,8.73,18.32,1.15,8.0,17.0,1.17,7.5,17.0
23/05/2021,Man City,Everton,5,0,H,2,0,H,M Oliver,21,8,11,3,8,10,7,5,2,2,0,0,1.44,5.0,6.5,1.44,5.0,6.5,1.47,4.9,6.0,1.43,5.09,7.24,1.44,4.8,7.0,1.45,4.6,7.0
23/05/2021,Sheffield United,Burnley,1,0,H,1,0,H,K Friend,12,10,3,3,11,1,8,9,3,1,0,0,2.8,3.6,2.4,2.8,3.6,2.4,2.85,3.6,2.4,2.87,3.74,2.43,2.8,3.5,2.45,2.88,3.5,2.4
23/05/2021,West Ham,Southampton,3,0,H,2,0,H,M Atkinson,14,17,7,5,5,9,2,3,0,3,0,0,1.65,4.0,5.0,1.72,4.0,4.6,1.7,4.1,4.6,1.74,3.99,5.03,1.7,3.9,4.8,1.67,4.1,4.8
23/05/2021,Wolves,Man United,1,2,A,1,2,A,M Dean,14,9,4,4,14,3,6,2,4,1,0,0,2.5,3.5,2.7,2.5,3.6,2.7,2.55,3.6,2.65,2.59,3.78,2.7,2.55,3.5,2.7,2.5,3.5,2.75
